[
  {
    "TITLE": "STUDENT INTERN",
    "Zip Code": 60628,
    "HIRE DATE": "6/16/2015"
  },
  {
    "TITLE": "STUDENT INTERN",
    "Zip Code": 60626,
    "HIRE DATE": "6/8/2015"
  },
  {
    "TITLE": "STUDENT INTERN",
    "Zip Code": 60613,
    "HIRE DATE": "6/16/2015"
  },
  {
    "TITLE": "STUDENT INTERN",
    "Zip Code": 60626,
    "HIRE DATE": "6/16/2015"
  },
  {
    "TITLE": "STUDENT INTERN",
    "Zip Code": 63126,
    "HIRE DATE": "11/17/2015"
  },
  {
    "TITLE": "STUDENT INTERN",
    "Zip Code": 61242,
    "HIRE DATE": "4/1/2015"
  },
  {
    "TITLE": "STUDENT INTERN",
    "Zip Code": 60608,
    "HIRE DATE": "12/1/2015"
  },
  {
    "TITLE": "STUDENT INTERN",
    "Zip Code": 60615,
    "HIRE DATE": "6/12/2015"
  },
  {
    "TITLE": "STUDENT INTERN",
    "Zip Code": 60660,
    "HIRE DATE": "6/8/2015"
  },
  {
    "TITLE": "STUDENT INTERN",
    "Zip Code": 60611,
    "HIRE DATE": "9/21/2015"
  },
  {
    "TITLE": "STUDENT INTERN",
    "Zip Code": 48152,
    "HIRE DATE": "12/14/2015"
  },
  {
    "TITLE": "STUDENT INTERN",
    "Zip Code": 60616,
    "HIRE DATE": "6/16/2015"
  },
  {
    "TITLE": "STUDENT INTERN",
    "Zip Code": 60660,
    "HIRE DATE": "6/17/2015"
  },
  {
    "TITLE": "STUDENT INTERN",
    "Zip Code": 60622,
    "HIRE DATE": "6/16/2015"
  },
  {
    "TITLE": "STUDENT INTERN",
    "Zip Code": 60633,
    "HIRE DATE": "8/24/2015"
  },
  {
    "TITLE": "STUDENT INTERN",
    "Zip Code": 60646,
    "HIRE DATE": "6/8/2015"
  },
  {
    "TITLE": "STUDENT INTERN",
    "Zip Code": 60619,
    "HIRE DATE": "5/4/2015"
  },
  {
    "TITLE": "STUDENT INTERN",
    "Zip Code": 60647,
    "HIRE DATE": "5/11/2015"
  },
  {
    "TITLE": "STUDENT INTERN",
    "Zip Code": 60647,
    "HIRE DATE": "4/27/2015"
  },
  {
    "TITLE": "STUDENT INTERN",
    "Zip Code": 60619,
    "HIRE DATE": "5/4/2015"
  },
  {
    "TITLE": "STUDENT INTERN",
    "Zip Code": 60616,
    "HIRE DATE": "6/12/2015"
  },
  {
    "TITLE": "STUDENT INTERN",
    "Zip Code": 60632,
    "HIRE DATE": "6/3/2015"
  },
  {
    "TITLE": "STUDENT INTERN",
    "Zip Code": 60628,
    "HIRE DATE": "7/13/2015"
  },
  {
    "TITLE": "STUDENT INTERN",
    "Zip Code": 60632,
    "HIRE DATE": "5/6/2015"
  },
  {
    "TITLE": "STUDENT INTERN",
    "Zip Code": 60645,
    "HIRE DATE": "4/1/2015"
  },
  {
    "TITLE": "STUDENT INTERN",
    "Zip Code": 60643,
    "HIRE DATE": "4/13/2015"
  },
  {
    "TITLE": "STUDENT INTERN",
    "Zip Code": 60657,
    "HIRE DATE": "4/13/2015"
  },
  {
    "TITLE": "STUDENT INTERN",
    "Zip Code": 60659,
    "HIRE DATE": "5/4/2015"
  },
  {
    "TITLE": "STUDENT INTERN",
    "Zip Code": 60629,
    "HIRE DATE": "5/4/2015"
  },
  {
    "TITLE": "STUDENT INTERN",
    "Zip Code": 60618,
    "HIRE DATE": "9/28/2015"
  },
  {
    "TITLE": "STUDENT INTERN",
    "Zip Code": 60615,
    "HIRE DATE": "6/16/2015"
  },
  {
    "TITLE": "STUDENT INTERN",
    "Zip Code": 60613,
    "HIRE DATE": "5/4/2015"
  },
  {
    "TITLE": "STUDENT INTERN",
    "Zip Code": 60616,
    "HIRE DATE": "7/27/2015"
  },
  {
    "TITLE": "STUDENT INTERN",
    "Zip Code": 60625,
    "HIRE DATE": "6/16/2015"
  },
  {
    "TITLE": "STUDENT INTERN - ALDERMANIC",
    "Zip Code": 60617,
    "HIRE DATE": "6/8/2015"
  },
  {
    "TITLE": "STUDENT INTERN - ALDERMANIC",
    "Zip Code": 60617,
    "HIRE DATE": "6/8/2015"
  },
  {
    "TITLE": "STUDENT INTERN - ALDERMANIC",
    "Zip Code": 60647,
    "HIRE DATE": "6/8/2015"
  },
  {
    "TITLE": "STUDENT INTERN - ALDERMANIC",
    "Zip Code": 60649,
    "HIRE DATE": "6/8/2015"
  },
  {
    "TITLE": "STUDENT INTERN - ALDERMANIC",
    "Zip Code": 60628,
    "HIRE DATE": "6/8/2015"
  },
  {
    "TITLE": "STUDENT INTERN - ALDERMANIC",
    "Zip Code": 60618,
    "HIRE DATE": "6/8/2015"
  },
  {
    "TITLE": "STUDENT INTERN - ALDERMANIC",
    "Zip Code": 60612,
    "HIRE DATE": "6/8/2015"
  },
  {
    "TITLE": "STUDENT INTERN - ALDERMANIC",
    "Zip Code": 60629,
    "HIRE DATE": "6/8/2015"
  },
  {
    "TITLE": "STUDENT INTERN - ALDERMANIC",
    "Zip Code": 60638,
    "HIRE DATE": "6/8/2015"
  },
  {
    "TITLE": "STUDENT INTERN - ALDERMANIC",
    "Zip Code": 60660,
    "HIRE DATE": "6/8/2015"
  },
  {
    "TITLE": "STUDENT INTERN - ALDERMANIC",
    "Zip Code": 60607,
    "HIRE DATE": "6/10/2015"
  },
  {
    "TITLE": "STUDENT INTERN - ALDERMANIC",
    "Zip Code": 60644,
    "HIRE DATE": "7/16/2015"
  },
  {
    "TITLE": "STUDENT INTERN - ALDERMANIC",
    "Zip Code": 60617,
    "HIRE DATE": "6/8/2015"
  },
  {
    "TITLE": "STUDENT INTERN - ALDERMANIC",
    "Zip Code": 60618,
    "HIRE DATE": "6/8/2015"
  },
  {
    "TITLE": "STUDENT INTERN - ALDERMANIC",
    "Zip Code": 60615,
    "HIRE DATE": "7/1/2015"
  },
  {
    "TITLE": "STUDENT INTERN - ALDERMANIC",
    "Zip Code": 60661,
    "HIRE DATE": "6/8/2015"
  },
  {
    "TITLE": "STUDENT INTERN - ALDERMANIC",
    "Zip Code": 60623,
    "HIRE DATE": "6/8/2015"
  },
  {
    "TITLE": "STUDENT INTERN - ALDERMANIC",
    "Zip Code": 60632,
    "HIRE DATE": "6/8/2015"
  },
  {
    "TITLE": "STUDENT INTERN - ALDERMANIC",
    "Zip Code": 60620,
    "HIRE DATE": "6/8/2015"
  },
  {
    "TITLE": "STUDENT INTERN - ALDERMANIC",
    "Zip Code": 60620,
    "HIRE DATE": "6/8/2015"
  },
  {
    "TITLE": "STUDENT INTERN - ALDERMANIC",
    "Zip Code": 60614,
    "HIRE DATE": "6/8/2015"
  },
  {
    "TITLE": "STUDENT INTERN - ALDERMANIC",
    "Zip Code": 60634,
    "HIRE DATE": "6/8/2015"
  },
  {
    "TITLE": "STUDENT INTERN - ALDERMANIC",
    "Zip Code": 60651,
    "HIRE DATE": "6/8/2015"
  },
  {
    "TITLE": "STUDENT INTERN - ALDERMANIC",
    "Zip Code": 60660,
    "HIRE DATE": "6/8/2015"
  },
  {
    "TITLE": "STUDENT INTERN - ALDERMANIC",
    "Zip Code": 60632,
    "HIRE DATE": "6/29/2015"
  },
  {
    "TITLE": "STUDENT INTERN - ALDERMANIC",
    "Zip Code": 60639,
    "HIRE DATE": "6/8/2015"
  },
  {
    "TITLE": "STUDENT INTERN - ALDERMANIC",
    "Zip Code": 60643,
    "HIRE DATE": "6/8/2015"
  },
  {
    "TITLE": "STUDENT INTERN - ALDERMANIC",
    "Zip Code": 60619,
    "HIRE DATE": "6/8/2015"
  },
  {
    "TITLE": "STUDENT INTERN - ALDERMANIC",
    "Zip Code": 60629,
    "HIRE DATE": "6/8/2015"
  },
  {
    "TITLE": "STUDENT INTERN - ALDERMANIC",
    "Zip Code": 60649,
    "HIRE DATE": "6/8/2015"
  },
  {
    "TITLE": "STUDENT INTERN - ALDERMANIC",
    "Zip Code": 60626,
    "HIRE DATE": "6/8/2015"
  },
  {
    "TITLE": "STUDENT INTERN - ALDERMANIC",
    "Zip Code": 60622,
    "HIRE DATE": "6/8/2015"
  },
  {
    "TITLE": "STUDENT INTERN - ALDERMANIC",
    "Zip Code": 60609,
    "HIRE DATE": "6/8/2015"
  },
  {
    "TITLE": "STUDENT INTERN - ALDERMANIC",
    "Zip Code": 60655,
    "HIRE DATE": "6/8/2015"
  },
  {
    "TITLE": "STUDENT INTERN - ALDERMANIC",
    "Zip Code": 60631,
    "HIRE DATE": "6/8/2015"
  },
  {
    "TITLE": "STUDENT INTERN - ALDERMANIC",
    "Zip Code": 60626,
    "HIRE DATE": "6/8/2015"
  },
  {
    "TITLE": "STUDENT INTERN - ALDERMANIC",
    "Zip Code": 60626,
    "HIRE DATE": "6/8/2015"
  },
  {
    "TITLE": "STUDENT INTERN - ALDERMANIC",
    "Zip Code": 60618,
    "HIRE DATE": "6/8/2015"
  },
  {
    "TITLE": "STUDENT INTERN - ALDERMANIC",
    "Zip Code": 60620,
    "HIRE DATE": "6/8/2015"
  },
  {
    "TITLE": "STUDENT INTERN - ALDERMANIC",
    "Zip Code": 60645,
    "HIRE DATE": "6/8/2015"
  },
  {
    "TITLE": "STUDENT INTERN - ALDERMANIC",
    "Zip Code": 60632,
    "HIRE DATE": "6/8/2015"
  },
  {
    "TITLE": "STUDENT INTERN - ALDERMANIC",
    "Zip Code": 60625,
    "HIRE DATE": "6/8/2015"
  },
  {
    "TITLE": "STUDENT INTERN - ALDERMANIC",
    "Zip Code": 60620,
    "HIRE DATE": "6/8/2015"
  },
  {
    "TITLE": "STUDENT INTERN - ALDERMANIC",
    "Zip Code": 60646,
    "HIRE DATE": "6/8/2015"
  },
  {
    "TITLE": "STUDENT INTERN - ALDERMANIC",
    "Zip Code": 60646,
    "HIRE DATE": "6/8/2015"
  },
  {
    "TITLE": "STUDENT INTERN - ALDERMANIC",
    "Zip Code": 60707,
    "HIRE DATE": "6/8/2015"
  },
  {
    "TITLE": "STUDENT INTERN - ALDERMANIC",
    "Zip Code": 60631,
    "HIRE DATE": "6/8/2015"
  },
  {
    "TITLE": "STUDENT INTERN - ALDERMANIC",
    "Zip Code": 60643,
    "HIRE DATE": "6/8/2015"
  },
  {
    "TITLE": "STUDENT INTERN - ALDERMANIC",
    "Zip Code": 60608,
    "HIRE DATE": "6/8/2015"
  },
  {
    "TITLE": "STUDENT INTERN - CITY CLERK",
    "Zip Code": 60628,
    "HIRE DATE": "5/26/2015"
  },
  {
    "TITLE": "STUDENT INTERN - CITY CLERK",
    "Zip Code": 60629,
    "HIRE DATE": "12/16/2015"
  },
  {
    "TITLE": "STUDENT INTERN - CITY CLERK",
    "Zip Code": 60621,
    "HIRE DATE": "5/27/2015"
  },
  {
    "TITLE": "STUDENT INTERN - CITY CLERK",
    "Zip Code": 60639,
    "HIRE DATE": "5/26/2015"
  },
  {
    "TITLE": "STUDENT INTERN - CITY CLERK",
    "Zip Code": 60639,
    "HIRE DATE": "5/26/2015"
  },
  {
    "TITLE": "STUDENT INTERN - CITY CLERK",
    "Zip Code": 60617,
    "HIRE DATE": "5/26/2015"
  },
  {
    "TITLE": "STUDENT INTERN - CITY CLERK",
    "Zip Code": 60624,
    "HIRE DATE": "5/26/2015"
  },
  {
    "TITLE": "STUDENT INTERN - CITY CLERK",
    "Zip Code": 60652,
    "HIRE DATE": "5/26/2015"
  },
  {
    "TITLE": "STUDENT INTERN - CITY CLERK",
    "Zip Code": 60625,
    "HIRE DATE": "5/26/2015"
  },
  {
    "TITLE": "STUDENT INTERN - CITY CLERK",
    "Zip Code": 60632,
    "HIRE DATE": "5/26/2015"
  },
  {
    "TITLE": "STUDENT INTERN - CITY CLERK",
    "Zip Code": 60633,
    "HIRE DATE": "5/26/2015"
  },
  {
    "TITLE": "STUDENT INTERN - CITY CLERK",
    "Zip Code": 60620,
    "HIRE DATE": "6/4/2015"
  },
  {
    "TITLE": "STUDENT INTERN - CITY CLERK",
    "Zip Code": 60619,
    "HIRE DATE": "5/6/2015"
  },
  {
    "TITLE": "STUDENT INTERN - CITY CLERK",
    "Zip Code": 60626,
    "HIRE DATE": "6/5/2015"
  },
  {
    "TITLE": "STUDENT INTERN - CITY CLERK",
    "Zip Code": 60631,
    "HIRE DATE": "5/26/2015"
  },
  {
    "TITLE": "STUDENT INTERN - CITY CLERK",
    "Zip Code": 60628,
    "HIRE DATE": "5/26/2015"
  },
  {
    "TITLE": "STUDENT INTERN - CITY CLERK",
    "Zip Code": 60616,
    "HIRE DATE": "6/12/2015"
  },
  {
    "TITLE": "STUDENT INTERN - CITY CLERK",
    "Zip Code": 60631,
    "HIRE DATE": "12/15/2015"
  },
  {
    "TITLE": "STUDENT INTERN - CITY CLERK",
    "Zip Code": 60619,
    "HIRE DATE": "5/26/2015"
  },
  {
    "TITLE": "STUDENT INTERN - CITY CLERK",
    "Zip Code": 60616,
    "HIRE DATE": "5/26/2015"
  },
  {
    "TITLE": "STUDENT INTERN - CITY CLERK",
    "Zip Code": 60660,
    "HIRE DATE": "5/26/2015"
  },
  {
    "TITLE": "STUDENT INTERN - CITY CLERK",
    "Zip Code": 60619,
    "HIRE DATE": "5/26/2015"
  },
  {
    "TITLE": "STUDENT INTERN - CITY CLERK",
    "Zip Code": 60616,
    "HIRE DATE": "6/12/2015"
  },
  {
    "TITLE": "STUDENT INTERN - CITY CLERK",
    "Zip Code": 60616,
    "HIRE DATE": "8/16/2015"
  },
  {
    "TITLE": "STUDENT INTERN - MAYOR'S FELLOWS",
    "Zip Code": 60657,
    "HIRE DATE": "6/15/2015"
  },
  {
    "TITLE": "STUDENT INTERN - MAYOR'S FELLOWS",
    "Zip Code": 60611,
    "HIRE DATE": "6/15/2015"
  },
  {
    "TITLE": "STUDENT INTERN - MAYOR'S FELLOWS",
    "Zip Code": 60615,
    "HIRE DATE": "6/15/2015"
  },
  {
    "TITLE": "STUDENT INTERN - MAYOR'S FELLOWS",
    "Zip Code": 60660,
    "HIRE DATE": "6/15/2015"
  },
  {
    "TITLE": "STUDENT INTERN - MAYOR'S FELLOWS",
    "Zip Code": 60657,
    "HIRE DATE": "6/15/2015"
  },
  {
    "TITLE": "STUDENT INTERN - MAYOR'S FELLOWS",
    "Zip Code": 60657,
    "HIRE DATE": "6/15/2015"
  },
  {
    "TITLE": "STUDENT INTERN - MAYOR'S FELLOWS",
    "Zip Code": 60614,
    "HIRE DATE": "6/15/2015"
  },
  {
    "TITLE": "STUDENT INTERN - MAYOR'S FELLOWS",
    "Zip Code": 60637,
    "HIRE DATE": "6/15/2015"
  },
  {
    "TITLE": "STUDENT INTERN - MAYOR'S FELLOWS",
    "Zip Code": 60615,
    "HIRE DATE": "6/15/2015"
  },
  {
    "TITLE": "STUDENT INTERN - MAYOR'S FELLOWS",
    "Zip Code": 60614,
    "HIRE DATE": "6/15/2015"
  },
  {
    "TITLE": "STUDENT INTERN - MAYOR'S FELLOWS",
    "Zip Code": 60614,
    "HIRE DATE": "6/15/2015"
  },
  {
    "TITLE": "STUDENT INTERN - MAYOR'S FELLOWS",
    "Zip Code": 60608,
    "HIRE DATE": "6/15/2015"
  },
  {
    "TITLE": "STUDENT INTERN - MAYOR'S FELLOWS",
    "Zip Code": 60640,
    "HIRE DATE": "6/15/2015"
  },
  {
    "TITLE": "STUDENT INTERN - MAYOR'S FELLOWS",
    "Zip Code": 60614,
    "HIRE DATE": "6/15/2015"
  },
  {
    "TITLE": "STUDENT INTERN - MAYOR'S FELLOWS",
    "Zip Code": 60661,
    "HIRE DATE": "6/15/2015"
  },
  {
    "TITLE": "STUDENT INTERN - MAYOR'S FELLOWS",
    "Zip Code": 60640,
    "HIRE DATE": "6/15/2015"
  },
  {
    "TITLE": "STUDENT INTERN - MAYOR'S FELLOWS",
    "Zip Code": 19130,
    "HIRE DATE": "6/15/2015"
  },
  {
    "TITLE": "STUDENT INTERN - MAYOR'S FELLOWS",
    "Zip Code": 60657,
    "HIRE DATE": "6/3/2015"
  },
  {
    "TITLE": "STUDENT INTERN - MAYOR'S FELLOWS",
    "Zip Code": 60611,
    "HIRE DATE": "6/15/2015"
  },
  {
    "TITLE": "STUDENT INTERN - MAYOR'S FELLOWS",
    "Zip Code": 60615,
    "HIRE DATE": "6/15/2015"
  },
  {
    "TITLE": "STUDENT INTERN - MAYOR'S FELLOWS",
    "Zip Code": 60622,
    "HIRE DATE": "6/15/2015"
  },
  {
    "TITLE": "STUDENT INTERN - MAYOR'S FELLOWS",
    "Zip Code": 60607,
    "HIRE DATE": "6/15/2015"
  },
  {
    "TITLE": "STUDENT INTERN - MAYOR'S FELLOWS",
    "Zip Code": 60611,
    "HIRE DATE": "6/15/2015"
  },
  {
    "TITLE": "STUDENT INTERN",
    "Zip Code": 60616,
    "HIRE DATE": "6/7/2016"
  },
  {
    "TITLE": "STUDENT INTERN",
    "Zip Code": 60608,
    "HIRE DATE": "6/6/2016"
  },
  {
    "TITLE": "STUDENT INTERN",
    "Zip Code": 60639,
    "HIRE DATE": "11/16/2016"
  },
  {
    "TITLE": "STUDENT INTERN",
    "Zip Code": 60629,
    "HIRE DATE": "5/23/2016"
  },
  {
    "TITLE": "STUDENT INTERN",
    "Zip Code": 60615,
    "HIRE DATE": "9/8/2016"
  },
  {
    "TITLE": "STUDENT INTERN",
    "Zip Code": 60617,
    "HIRE DATE": "2/16/2016"
  },
  {
    "TITLE": "STUDENT INTERN",
    "Zip Code": 60605,
    "HIRE DATE": "3/22/2016"
  },
  {
    "TITLE": "STUDENT INTERN",
    "Zip Code": 60618,
    "HIRE DATE": "7/25/2016"
  },
  {
    "TITLE": "STUDENT INTERN",
    "Zip Code": 60632,
    "HIRE DATE": "12/16/2016"
  },
  {
    "TITLE": "STUDENT INTERN",
    "Zip Code": 60640,
    "HIRE DATE": "7/14/2016"
  },
  {
    "TITLE": "STUDENT INTERN",
    "Zip Code": 60607,
    "HIRE DATE": "11/28/2016"
  },
  {
    "TITLE": "STUDENT INTERN",
    "Zip Code": 60623,
    "HIRE DATE": "7/18/2016"
  },
  {
    "TITLE": "STUDENT INTERN",
    "Zip Code": 60625,
    "HIRE DATE": "6/30/2016"
  },
  {
    "TITLE": "STUDENT INTERN",
    "Zip Code": 60614,
    "HIRE DATE": "6/7/2016"
  },
  {
    "TITLE": "STUDENT INTERN",
    "Zip Code": 60616,
    "HIRE DATE": "7/18/2016"
  },
  {
    "TITLE": "STUDENT INTERN",
    "Zip Code": 60637,
    "HIRE DATE": "3/24/2016"
  },
  {
    "TITLE": "STUDENT INTERN",
    "Zip Code": 60615,
    "HIRE DATE": "6/30/2016"
  },
  {
    "TITLE": "STUDENT INTERN",
    "Zip Code": 60619,
    "HIRE DATE": "5/16/2016"
  },
  {
    "TITLE": "STUDENT INTERN",
    "Zip Code": 60619,
    "HIRE DATE": "6/1/2016"
  },
  {
    "TITLE": "STUDENT INTERN",
    "Zip Code": 60614,
    "HIRE DATE": "7/14/2016"
  },
  {
    "TITLE": "STUDENT INTERN",
    "Zip Code": 44273,
    "HIRE DATE": "3/29/2016"
  },
  {
    "TITLE": "STUDENT INTERN",
    "Zip Code": 60616,
    "HIRE DATE": "11/22/2016"
  },
  {
    "TITLE": "STUDENT INTERN",
    "Zip Code": 60632,
    "HIRE DATE": "7/18/2016"
  },
  {
    "TITLE": "STUDENT INTERN",
    "Zip Code": 60616,
    "HIRE DATE": "2/16/2016"
  },
  {
    "TITLE": "STUDENT INTERN",
    "Zip Code": 60601,
    "HIRE DATE": "9/19/2016"
  },
  {
    "TITLE": "STUDENT INTERN",
    "Zip Code": 60607,
    "HIRE DATE": "7/18/2016"
  },
  {
    "TITLE": "STUDENT INTERN",
    "Zip Code": 60616,
    "HIRE DATE": "6/6/2016"
  },
  {
    "TITLE": "STUDENT INTERN",
    "Zip Code": 60612,
    "HIRE DATE": "8/15/2016"
  },
  {
    "TITLE": "STUDENT INTERN",
    "Zip Code": 60699,
    "HIRE DATE": "11/21/2016"
  },
  {
    "TITLE": "STUDENT INTERN",
    "Zip Code": 60615,
    "HIRE DATE": "11/3/2016"
  },
  {
    "TITLE": "STUDENT INTERN",
    "Zip Code": 60634,
    "HIRE DATE": "8/1/2016"
  },
  {
    "TITLE": "STUDENT INTERN",
    "Zip Code": 60608,
    "HIRE DATE": "6/21/2016"
  },
  {
    "TITLE": "STUDENT INTERN",
    "Zip Code": 60617,
    "HIRE DATE": "7/18/2016"
  },
  {
    "TITLE": "STUDENT INTERN",
    "Zip Code": 60617,
    "HIRE DATE": "4/5/2016"
  },
  {
    "TITLE": "STUDENT INTERN",
    "Zip Code": 60615,
    "HIRE DATE": "7/18/2016"
  },
  {
    "TITLE": "STUDENT INTERN",
    "Zip Code": 60631,
    "HIRE DATE": "6/30/2016"
  },
  {
    "TITLE": "STUDENT INTERN",
    "Zip Code": 60645,
    "HIRE DATE": "7/25/2016"
  },
  {
    "TITLE": "STUDENT INTERN",
    "Zip Code": 60645,
    "HIRE DATE": "7/18/2016"
  },
  {
    "TITLE": "STUDENT INTERN",
    "Zip Code": 60647,
    "HIRE DATE": "12/15/2016"
  },
  {
    "TITLE": "STUDENT INTERN",
    "Zip Code": 60629,
    "HIRE DATE": "7/16/2016"
  },
  {
    "TITLE": "STUDENT INTERN",
    "Zip Code": 60623,
    "HIRE DATE": "6/30/2016"
  },
  {
    "TITLE": "STUDENT INTERN",
    "Zip Code": 60632,
    "HIRE DATE": "7/18/2016"
  },
  {
    "TITLE": "STUDENT INTERN",
    "Zip Code": 60622,
    "HIRE DATE": "5/16/2016"
  },
  {
    "TITLE": "STUDENT INTERN",
    "Zip Code": 60616,
    "HIRE DATE": "6/7/2016"
  },
  {
    "TITLE": "STUDENT INTERN",
    "Zip Code": 60625,
    "HIRE DATE": "12/15/2016"
  },
  {
    "TITLE": "STUDENT INTERN",
    "Zip Code": 60613,
    "HIRE DATE": "7/14/2016"
  },
  {
    "TITLE": "STUDENT INTERN - ALDERMANIC",
    "Zip Code": 60617,
    "HIRE DATE": "6/6/2016"
  },
  {
    "TITLE": "STUDENT INTERN - ALDERMANIC",
    "Zip Code": 60643,
    "HIRE DATE": "6/28/2016"
  },
  {
    "TITLE": "STUDENT INTERN - ALDERMANIC",
    "Zip Code": 60646,
    "HIRE DATE": "6/6/2016"
  },
  {
    "TITLE": "STUDENT INTERN - ALDERMANIC",
    "Zip Code": 60634,
    "HIRE DATE": "6/6/2016"
  },
  {
    "TITLE": "STUDENT INTERN - ALDERMANIC",
    "Zip Code": 60623,
    "HIRE DATE": "6/6/2016"
  },
  {
    "TITLE": "STUDENT INTERN - ALDERMANIC",
    "Zip Code": 60647,
    "HIRE DATE": "6/6/2016"
  },
  {
    "TITLE": "STUDENT INTERN - ALDERMANIC",
    "Zip Code": 60629,
    "HIRE DATE": "6/6/2016"
  },
  {
    "TITLE": "STUDENT INTERN - ALDERMANIC",
    "Zip Code": 60651,
    "HIRE DATE": "6/6/2016"
  },
  {
    "TITLE": "STUDENT INTERN - ALDERMANIC",
    "Zip Code": 60619,
    "HIRE DATE": "6/6/2016"
  },
  {
    "TITLE": "STUDENT INTERN - ALDERMANIC",
    "Zip Code": 60612,
    "HIRE DATE": "6/6/2016"
  },
  {
    "TITLE": "STUDENT INTERN - ALDERMANIC",
    "Zip Code": 60657,
    "HIRE DATE": "7/5/2016"
  },
  {
    "TITLE": "STUDENT INTERN - ALDERMANIC",
    "Zip Code": 60622,
    "HIRE DATE": "6/6/2016"
  },
  {
    "TITLE": "STUDENT INTERN - ALDERMANIC",
    "Zip Code": 60641,
    "HIRE DATE": "6/6/2016"
  },
  {
    "TITLE": "STUDENT INTERN - ALDERMANIC",
    "Zip Code": 60608,
    "HIRE DATE": "6/6/2016"
  },
  {
    "TITLE": "STUDENT INTERN - ALDERMANIC",
    "Zip Code": 60617,
    "HIRE DATE": "6/6/2016"
  },
  {
    "TITLE": "STUDENT INTERN - ALDERMANIC",
    "Zip Code": 60638,
    "HIRE DATE": "6/6/2016"
  },
  {
    "TITLE": "STUDENT INTERN - ALDERMANIC",
    "Zip Code": 60649,
    "HIRE DATE": "6/6/2016"
  },
  {
    "TITLE": "STUDENT INTERN - ALDERMANIC",
    "Zip Code": 60620,
    "HIRE DATE": "6/6/2016"
  },
  {
    "TITLE": "STUDENT INTERN - ALDERMANIC",
    "Zip Code": 60645,
    "HIRE DATE": "6/6/2016"
  },
  {
    "TITLE": "STUDENT INTERN - ALDERMANIC",
    "Zip Code": 60660,
    "HIRE DATE": "6/6/2016"
  },
  {
    "TITLE": "STUDENT INTERN - ALDERMANIC",
    "Zip Code": 60618,
    "HIRE DATE": "6/6/2016"
  },
  {
    "TITLE": "STUDENT INTERN - ALDERMANIC",
    "Zip Code": 60624,
    "HIRE DATE": "6/6/2016"
  },
  {
    "TITLE": "STUDENT INTERN - ALDERMANIC",
    "Zip Code": 60626,
    "HIRE DATE": "6/6/2016"
  },
  {
    "TITLE": "STUDENT INTERN - ALDERMANIC",
    "Zip Code": 60632,
    "HIRE DATE": "6/6/2016"
  },
  {
    "TITLE": "STUDENT INTERN - ALDERMANIC",
    "Zip Code": 60643,
    "HIRE DATE": "6/6/2016"
  },
  {
    "TITLE": "STUDENT INTERN - ALDERMANIC",
    "Zip Code": 60615,
    "HIRE DATE": "6/21/2016"
  },
  {
    "TITLE": "STUDENT INTERN - ALDERMANIC",
    "Zip Code": 60619,
    "HIRE DATE": "6/6/2016"
  },
  {
    "TITLE": "STUDENT INTERN - ALDERMANIC",
    "Zip Code": 60614,
    "HIRE DATE": "6/6/2016"
  },
  {
    "TITLE": "STUDENT INTERN - ALDERMANIC",
    "Zip Code": 60655,
    "HIRE DATE": "6/1/2016"
  },
  {
    "TITLE": "STUDENT INTERN - ALDERMANIC",
    "Zip Code": 60652,
    "HIRE DATE": "6/6/2016"
  },
  {
    "TITLE": "STUDENT INTERN - ALDERMANIC",
    "Zip Code": 60707,
    "HIRE DATE": "6/6/2016"
  },
  {
    "TITLE": "STUDENT INTERN - ALDERMANIC",
    "Zip Code": 60616,
    "HIRE DATE": "6/13/2016"
  },
  {
    "TITLE": "STUDENT INTERN - ALDERMANIC",
    "Zip Code": 60635,
    "HIRE DATE": "6/6/2016"
  },
  {
    "TITLE": "STUDENT INTERN - ALDERMANIC",
    "Zip Code": 60613,
    "HIRE DATE": "6/6/2016"
  },
  {
    "TITLE": "STUDENT INTERN - ALDERMANIC",
    "Zip Code": 60616,
    "HIRE DATE": "6/6/2016"
  },
  {
    "TITLE": "STUDENT INTERN - ALDERMANIC",
    "Zip Code": 60611,
    "HIRE DATE": "6/29/2016"
  },
  {
    "TITLE": "STUDENT INTERN - ALDERMANIC",
    "Zip Code": 60620,
    "HIRE DATE": "6/6/2016"
  },
  {
    "TITLE": "STUDENT INTERN - ALDERMANIC",
    "Zip Code": 60632,
    "HIRE DATE": "6/6/2016"
  },
  {
    "TITLE": "STUDENT INTERN - ALDERMANIC",
    "Zip Code": 60625,
    "HIRE DATE": "6/6/2016"
  },
  {
    "TITLE": "STUDENT INTERN - ALDERMANIC",
    "Zip Code": 60624,
    "HIRE DATE": "6/6/2016"
  },
  {
    "TITLE": "STUDENT INTERN - ALDERMANIC",
    "Zip Code": 60617,
    "HIRE DATE": "6/1/2016"
  },
  {
    "TITLE": "STUDENT INTERN - ALDERMANIC",
    "Zip Code": 60646,
    "HIRE DATE": "6/6/2016"
  },
  {
    "TITLE": "STUDENT INTERN - ALDERMANIC",
    "Zip Code": 60617,
    "HIRE DATE": "6/6/2016"
  },
  {
    "TITLE": "STUDENT INTERN - ALDERMANIC",
    "Zip Code": 60614,
    "HIRE DATE": "6/6/2016"
  },
  {
    "TITLE": "STUDENT INTERN - ALDERMANIC",
    "Zip Code": 60621,
    "HIRE DATE": "6/6/2016"
  },
  {
    "TITLE": "STUDENT INTERN - ALDERMANIC",
    "Zip Code": 60607,
    "HIRE DATE": "6/13/2016"
  },
  {
    "TITLE": "STUDENT INTERN - ALDERMANIC",
    "Zip Code": 60620,
    "HIRE DATE": "6/6/2016"
  },
  {
    "TITLE": "STUDENT INTERN - ALDERMANIC",
    "Zip Code": 60639,
    "HIRE DATE": "6/6/2016"
  },
  {
    "TITLE": "STUDENT INTERN - ALDERMANIC",
    "Zip Code": 60634,
    "HIRE DATE": "6/6/2016"
  },
  {
    "TITLE": "STUDENT INTERN - CITY CLERK",
    "Zip Code": 60647,
    "HIRE DATE": "6/1/2016"
  },
  {
    "TITLE": "STUDENT INTERN - CITY CLERK",
    "Zip Code": 60639,
    "HIRE DATE": "6/1/2016"
  },
  {
    "TITLE": "STUDENT INTERN - CITY CLERK",
    "Zip Code": 60645,
    "HIRE DATE": "6/1/2016"
  },
  {
    "TITLE": "STUDENT INTERN - CITY CLERK",
    "Zip Code": 60638,
    "HIRE DATE": "6/1/2016"
  },
  {
    "TITLE": "STUDENT INTERN - CITY CLERK",
    "Zip Code": 60617,
    "HIRE DATE": "6/1/2016"
  },
  {
    "TITLE": "STUDENT INTERN - CITY CLERK",
    "Zip Code": 60637,
    "HIRE DATE": "6/13/2016"
  },
  {
    "TITLE": "STUDENT INTERN - CITY CLERK",
    "Zip Code": 60609,
    "HIRE DATE": "10/25/2016"
  },
  {
    "TITLE": "STUDENT INTERN - CITY CLERK",
    "Zip Code": 60623,
    "HIRE DATE": "6/1/2016"
  },
  {
    "TITLE": "STUDENT INTERN - CITY CLERK",
    "Zip Code": 60608,
    "HIRE DATE": "6/1/2016"
  },
  {
    "TITLE": "STUDENT INTERN - CITY CLERK",
    "Zip Code": 60614,
    "HIRE DATE": "6/13/2016"
  },
  {
    "TITLE": "STUDENT INTERN - CITY CLERK",
    "Zip Code": 60652,
    "HIRE DATE": "6/1/2016"
  },
  {
    "TITLE": "STUDENT INTERN - CITY CLERK",
    "Zip Code": 60625,
    "HIRE DATE": "6/1/2016"
  },
  {
    "TITLE": "STUDENT INTERN - CITY CLERK",
    "Zip Code": 60614,
    "HIRE DATE": "6/13/2016"
  },
  {
    "TITLE": "STUDENT INTERN - CITY CLERK",
    "Zip Code": 60628,
    "HIRE DATE": "6/1/2016"
  },
  {
    "TITLE": "STUDENT INTERN - CITY CLERK",
    "Zip Code": 60628,
    "HIRE DATE": "6/1/2016"
  },
  {
    "TITLE": "STUDENT INTERN - CITY CLERK",
    "Zip Code": 60616,
    "HIRE DATE": "6/1/2016"
  },
  {
    "TITLE": "STUDENT INTERN - CITY CLERK",
    "Zip Code": 60619,
    "HIRE DATE": "6/1/2016"
  },
  {
    "TITLE": "STUDENT INTERN - CITY CLERK",
    "Zip Code": 60659,
    "HIRE DATE": "6/1/2016"
  },
  {
    "TITLE": "STUDENT INTERN - CITY CLERK",
    "Zip Code": 60614,
    "HIRE DATE": "12/15/2016"
  },
  {
    "TITLE": "STUDENT INTERN - CITY CLERK",
    "Zip Code": 60649,
    "HIRE DATE": "6/1/2016"
  },
  {
    "TITLE": "STUDENT INTERN - CITY CLERK",
    "Zip Code": 60622,
    "HIRE DATE": "6/1/2016"
  },
  {
    "TITLE": "STUDENT INTERN - CITY CLERK",
    "Zip Code": 60652,
    "HIRE DATE": "6/1/2016"
  },
  {
    "TITLE": "STUDENT INTERN - CITY CLERK",
    "Zip Code": 60617,
    "HIRE DATE": "2/8/2016"
  },
  {
    "TITLE": "STUDENT INTERN - CITY CLERK",
    "Zip Code": 60629,
    "HIRE DATE": "6/1/2016"
  },
  {
    "TITLE": "STUDENT INTERN - CITY CLERK",
    "Zip Code": 60644,
    "HIRE DATE": "12/14/2016"
  },
  {
    "TITLE": "STUDENT INTERN - CITY CLERK",
    "Zip Code": 60632,
    "HIRE DATE": "6/1/2016"
  },
  {
    "TITLE": "STUDENT INTERN - CITY CLERK",
    "Zip Code": 60644,
    "HIRE DATE": "6/1/2016"
  },
  {
    "TITLE": "STUDENT INTERN - MAYOR'S FELLOWS",
    "Zip Code": 60601,
    "HIRE DATE": "6/13/2016"
  },
  {
    "TITLE": "STUDENT INTERN - MAYOR'S FELLOWS",
    "Zip Code": 60630,
    "HIRE DATE": "6/13/2016"
  },
  {
    "TITLE": "STUDENT INTERN - MAYOR'S FELLOWS",
    "Zip Code": 60605,
    "HIRE DATE": "6/13/2016"
  },
  {
    "TITLE": "STUDENT INTERN - MAYOR'S FELLOWS",
    "Zip Code": 60615,
    "HIRE DATE": "6/13/2016"
  },
  {
    "TITLE": "STUDENT INTERN - MAYOR'S FELLOWS",
    "Zip Code": 60613,
    "HIRE DATE": "6/13/2016"
  },
  {
    "TITLE": "STUDENT INTERN - MAYOR'S FELLOWS",
    "Zip Code": 60615,
    "HIRE DATE": "6/13/2016"
  },
  {
    "TITLE": "STUDENT INTERN - MAYOR'S FELLOWS",
    "Zip Code": 60610,
    "HIRE DATE": "6/13/2016"
  },
  {
    "TITLE": "STUDENT INTERN - MAYOR'S FELLOWS",
    "Zip Code": 60615,
    "HIRE DATE": "6/13/2016"
  },
  {
    "TITLE": "STUDENT INTERN - MAYOR'S FELLOWS",
    "Zip Code": 60601,
    "HIRE DATE": "6/13/2016"
  },
  {
    "TITLE": "STUDENT INTERN - MAYOR'S FELLOWS",
    "Zip Code": "02138",
    "HIRE DATE": "6/13/2016"
  },
  {
    "TITLE": "STUDENT INTERN - MAYOR'S FELLOWS",
    "Zip Code": 60637,
    "HIRE DATE": "6/13/2016"
  },
  {
    "TITLE": "STUDENT INTERN - MAYOR'S FELLOWS",
    "Zip Code": 60605,
    "HIRE DATE": "6/13/2016"
  },
  {
    "TITLE": "STUDENT INTERN - MAYOR'S FELLOWS",
    "Zip Code": 60615,
    "HIRE DATE": "6/13/2016"
  },
  {
    "TITLE": "STUDENT INTERN - MAYOR'S FELLOWS",
    "Zip Code": 60610,
    "HIRE DATE": "6/13/2016"
  },
  {
    "TITLE": "STUDENT INTERN - MAYOR'S FELLOWS",
    "Zip Code": 60613,
    "HIRE DATE": "6/13/2016"
  },
  {
    "TITLE": "STUDENT INTERN - MAYOR'S FELLOWS",
    "Zip Code": 60625,
    "HIRE DATE": "6/13/2016"
  },
  {
    "TITLE": "STUDENT INTERN - MAYOR'S FELLOWS",
    "Zip Code": 60601,
    "HIRE DATE": "6/13/2016"
  },
  {
    "TITLE": "STUDENT INTERN - MAYOR'S FELLOWS",
    "Zip Code": 60615,
    "HIRE DATE": "6/13/2016"
  },
  {
    "TITLE": "STUDENT INTERN - MAYOR'S FELLOWS",
    "Zip Code": 60614,
    "HIRE DATE": "6/13/2016"
  },
  {
    "TITLE": "STUDENT INTERN - MAYOR'S FELLOWS",
    "Zip Code": 60643,
    "HIRE DATE": "6/13/2016"
  },
  {
    "TITLE": "STUDENT INTERN - MAYOR'S FELLOWS",
    "Zip Code": 60601,
    "HIRE DATE": "6/13/2016"
  },
  {
    "TITLE": "STUDENT INTERN - MAYOR'S FELLOWS",
    "Zip Code": 60601,
    "HIRE DATE": "6/13/2016"
  },
  {
    "TITLE": "STUDENT INTERN",
    "Zip Code": 60616,
    "HIRE DATE": "6/26/2017"
  },
  {
    "TITLE": "STUDENT INTERN",
    "Zip Code": 60619,
    "HIRE DATE": "12/11/2017"
  },
  {
    "TITLE": "STUDENT INTERN",
    "Zip Code": 60625,
    "HIRE DATE": "6/26/2017"
  },
  {
    "TITLE": "STUDENT INTERN",
    "Zip Code": 60631,
    "HIRE DATE": "6/12/2017"
  },
  {
    "TITLE": "STUDENT INTERN",
    "Zip Code": 60653,
    "HIRE DATE": "7/6/2017"
  },
  {
    "TITLE": "STUDENT INTERN",
    "Zip Code": 60617,
    "HIRE DATE": "7/6/2017"
  },
  {
    "TITLE": "STUDENT INTERN",
    "Zip Code": 60607,
    "HIRE DATE": "6/26/2017"
  },
  {
    "TITLE": "STUDENT INTERN",
    "Zip Code": 60655,
    "HIRE DATE": "10/31/2017"
  },
  {
    "TITLE": "STUDENT INTERN",
    "Zip Code": 60625,
    "HIRE DATE": "6/23/2017"
  },
  {
    "TITLE": "STUDENT INTERN",
    "Zip Code": 60616,
    "HIRE DATE": "6/27/2017"
  },
  {
    "TITLE": "STUDENT INTERN",
    "Zip Code": 60614,
    "HIRE DATE": "5/15/2017"
  },
  {
    "TITLE": "STUDENT INTERN",
    "Zip Code": 60632,
    "HIRE DATE": "6/26/2017"
  },
  {
    "TITLE": "STUDENT INTERN",
    "Zip Code": 60626,
    "HIRE DATE": "8/28/2017"
  },
  {
    "TITLE": "STUDENT INTERN",
    "Zip Code": 60642,
    "HIRE DATE": "7/6/2017"
  },
  {
    "TITLE": "STUDENT INTERN",
    "Zip Code": 60645,
    "HIRE DATE": "6/26/2017"
  },
  {
    "TITLE": "STUDENT INTERN",
    "Zip Code": 60640,
    "HIRE DATE": "6/23/2017"
  },
  {
    "TITLE": "STUDENT INTERN",
    "Zip Code": 60629,
    "HIRE DATE": "6/26/2017"
  },
  {
    "TITLE": "STUDENT INTERN",
    "Zip Code": 60614,
    "HIRE DATE": "6/26/2017"
  },
  {
    "TITLE": "STUDENT INTERN",
    "Zip Code": 60608,
    "HIRE DATE": "10/24/2017"
  },
  {
    "TITLE": "STUDENT INTERN",
    "Zip Code": 60646,
    "HIRE DATE": "6/1/2017"
  },
  {
    "TITLE": "STUDENT INTERN",
    "Zip Code": 60617,
    "HIRE DATE": "6/26/2017"
  },
  {
    "TITLE": "STUDENT INTERN",
    "Zip Code": 60657,
    "HIRE DATE": "6/26/2017"
  },
  {
    "TITLE": "STUDENT INTERN",
    "Zip Code": 60654,
    "HIRE DATE": "7/13/2017"
  },
  {
    "TITLE": "STUDENT INTERN",
    "Zip Code": 60641,
    "HIRE DATE": "6/26/2017"
  },
  {
    "TITLE": "STUDENT INTERN",
    "Zip Code": 60647,
    "HIRE DATE": "7/24/2017"
  },
  {
    "TITLE": "STUDENT INTERN",
    "Zip Code": 60629,
    "HIRE DATE": "6/28/2017"
  },
  {
    "TITLE": "STUDENT INTERN",
    "Zip Code": 60622,
    "HIRE DATE": "6/26/2017"
  },
  {
    "TITLE": "STUDENT INTERN",
    "Zip Code": 60639,
    "HIRE DATE": "11/17/2017"
  },
  {
    "TITLE": "STUDENT INTERN",
    "Zip Code": 60660,
    "HIRE DATE": "6/16/2017"
  },
  {
    "TITLE": "STUDENT INTERN",
    "Zip Code": 60620,
    "HIRE DATE": "6/23/2017"
  },
  {
    "TITLE": "STUDENT INTERN",
    "Zip Code": 60640,
    "HIRE DATE": "6/26/2017"
  },
  {
    "TITLE": "STUDENT INTERN",
    "Zip Code": 60640,
    "HIRE DATE": "7/12/2017"
  },
  {
    "TITLE": "STUDENT INTERN",
    "Zip Code": 60629,
    "HIRE DATE": "12/13/2017"
  },
  {
    "TITLE": "STUDENT INTERN",
    "Zip Code": 60647,
    "HIRE DATE": "9/16/2017"
  },
  {
    "TITLE": "STUDENT INTERN",
    "Zip Code": 60655,
    "HIRE DATE": "6/26/2017"
  },
  {
    "TITLE": "STUDENT INTERN",
    "Zip Code": 60626,
    "HIRE DATE": "6/19/2017"
  },
  {
    "TITLE": "STUDENT INTERN",
    "Zip Code": 60623,
    "HIRE DATE": "6/26/2017"
  },
  {
    "TITLE": "STUDENT INTERN",
    "Zip Code": 60639,
    "HIRE DATE": "7/11/2017"
  },
  {
    "TITLE": "STUDENT INTERN",
    "Zip Code": 60605,
    "HIRE DATE": "9/18/2017"
  },
  {
    "TITLE": "STUDENT INTERN",
    "Zip Code": 60609,
    "HIRE DATE": "12/14/2017"
  },
  {
    "TITLE": "STUDENT INTERN",
    "Zip Code": 60618,
    "HIRE DATE": "6/26/2017"
  },
  {
    "TITLE": "STUDENT INTERN",
    "Zip Code": 60628,
    "HIRE DATE": "6/26/2017"
  },
  {
    "TITLE": "STUDENT INTERN",
    "Zip Code": 60637,
    "HIRE DATE": "6/28/2017"
  },
  {
    "TITLE": "STUDENT INTERN",
    "Zip Code": 60611,
    "HIRE DATE": "11/1/2017"
  },
  {
    "TITLE": "STUDENT INTERN - ALDERMANIC",
    "Zip Code": 60617,
    "HIRE DATE": "6/5/2017"
  },
  {
    "TITLE": "STUDENT INTERN - ALDERMANIC",
    "Zip Code": 60643,
    "HIRE DATE": "6/13/2017"
  },
  {
    "TITLE": "STUDENT INTERN - ALDERMANIC",
    "Zip Code": 60634,
    "HIRE DATE": "6/5/2017"
  },
  {
    "TITLE": "STUDENT INTERN - ALDERMANIC",
    "Zip Code": 60628,
    "HIRE DATE": "6/5/2017"
  },
  {
    "TITLE": "STUDENT INTERN - ALDERMANIC",
    "Zip Code": 60660,
    "HIRE DATE": "6/5/2017"
  },
  {
    "TITLE": "STUDENT INTERN - ALDERMANIC",
    "Zip Code": 60609,
    "HIRE DATE": "6/5/2017"
  },
  {
    "TITLE": "STUDENT INTERN - ALDERMANIC",
    "Zip Code": 60617,
    "HIRE DATE": "6/5/2017"
  },
  {
    "TITLE": "STUDENT INTERN - ALDERMANIC",
    "Zip Code": 60647,
    "HIRE DATE": "6/7/2017"
  },
  {
    "TITLE": "STUDENT INTERN - ALDERMANIC",
    "Zip Code": 60639,
    "HIRE DATE": "6/5/2017"
  },
  {
    "TITLE": "STUDENT INTERN - ALDERMANIC",
    "Zip Code": 60619,
    "HIRE DATE": "6/12/2017"
  },
  {
    "TITLE": "STUDENT INTERN - ALDERMANIC",
    "Zip Code": 60615,
    "HIRE DATE": "6/5/2017"
  },
  {
    "TITLE": "STUDENT INTERN - ALDERMANIC",
    "Zip Code": 60638,
    "HIRE DATE": "6/5/2017"
  },
  {
    "TITLE": "STUDENT INTERN - ALDERMANIC",
    "Zip Code": 60707,
    "HIRE DATE": "6/5/2017"
  },
  {
    "TITLE": "STUDENT INTERN - ALDERMANIC",
    "Zip Code": 60619,
    "HIRE DATE": "6/5/2017"
  },
  {
    "TITLE": "STUDENT INTERN - ALDERMANIC",
    "Zip Code": 60643,
    "HIRE DATE": "6/5/2017"
  },
  {
    "TITLE": "STUDENT INTERN - ALDERMANIC",
    "Zip Code": 60617,
    "HIRE DATE": "6/5/2017"
  },
  {
    "TITLE": "STUDENT INTERN - ALDERMANIC",
    "Zip Code": 60619,
    "HIRE DATE": "6/5/2017"
  },
  {
    "TITLE": "STUDENT INTERN - ALDERMANIC",
    "Zip Code": 60651,
    "HIRE DATE": "6/15/2017"
  },
  {
    "TITLE": "STUDENT INTERN - ALDERMANIC",
    "Zip Code": 60619,
    "HIRE DATE": "6/12/2017"
  },
  {
    "TITLE": "STUDENT INTERN - ALDERMANIC",
    "Zip Code": 60655,
    "HIRE DATE": "6/1/2017"
  },
  {
    "TITLE": "STUDENT INTERN - ALDERMANIC",
    "Zip Code": 60614,
    "HIRE DATE": "6/12/2017"
  },
  {
    "TITLE": "STUDENT INTERN - ALDERMANIC",
    "Zip Code": 60614,
    "HIRE DATE": "6/5/2017"
  },
  {
    "TITLE": "STUDENT INTERN - ALDERMANIC",
    "Zip Code": 60657,
    "HIRE DATE": "6/5/2017"
  },
  {
    "TITLE": "STUDENT INTERN - ALDERMANIC",
    "Zip Code": 60657,
    "HIRE DATE": "11/27/2017"
  },
  {
    "TITLE": "STUDENT INTERN - ALDERMANIC",
    "Zip Code": 60638,
    "HIRE DATE": "6/5/2017"
  },
  {
    "TITLE": "STUDENT INTERN - ALDERMANIC",
    "Zip Code": 60649,
    "HIRE DATE": "6/13/2017"
  },
  {
    "TITLE": "STUDENT INTERN - ALDERMANIC",
    "Zip Code": 60612,
    "HIRE DATE": "6/5/2017"
  },
  {
    "TITLE": "STUDENT INTERN - ALDERMANIC",
    "Zip Code": 60625,
    "HIRE DATE": "6/5/2017"
  },
  {
    "TITLE": "STUDENT INTERN - ALDERMANIC",
    "Zip Code": 60647,
    "HIRE DATE": "5/30/2017"
  },
  {
    "TITLE": "STUDENT INTERN - ALDERMANIC",
    "Zip Code": 60666,
    "HIRE DATE": "6/6/2017"
  },
  {
    "TITLE": "STUDENT INTERN - ALDERMANIC",
    "Zip Code": 60634,
    "HIRE DATE": "6/5/2017"
  },
  {
    "TITLE": "STUDENT INTERN - ALDERMANIC",
    "Zip Code": 60639,
    "HIRE DATE": "6/5/2017"
  },
  {
    "TITLE": "STUDENT INTERN - ALDERMANIC",
    "Zip Code": 60630,
    "HIRE DATE": "6/5/2017"
  },
  {
    "TITLE": "STUDENT INTERN - ALDERMANIC",
    "Zip Code": 60632,
    "HIRE DATE": "6/5/2017"
  },
  {
    "TITLE": "STUDENT INTERN - ALDERMANIC",
    "Zip Code": 60660,
    "HIRE DATE": "6/5/2017"
  },
  {
    "TITLE": "STUDENT INTERN - ALDERMANIC",
    "Zip Code": 60623,
    "HIRE DATE": "6/5/2017"
  },
  {
    "TITLE": "STUDENT INTERN - ALDERMANIC",
    "Zip Code": 60620,
    "HIRE DATE": "6/5/2017"
  },
  {
    "TITLE": "STUDENT INTERN - ALDERMANIC",
    "Zip Code": 60624,
    "HIRE DATE": "6/5/2017"
  },
  {
    "TITLE": "STUDENT INTERN - ALDERMANIC",
    "Zip Code": 60643,
    "HIRE DATE": "6/5/2017"
  },
  {
    "TITLE": "STUDENT INTERN - ALDERMANIC",
    "Zip Code": 60645,
    "HIRE DATE": "6/5/2017"
  },
  {
    "TITLE": "STUDENT INTERN - ALDERMANIC",
    "Zip Code": 60637,
    "HIRE DATE": "6/15/2017"
  },
  {
    "TITLE": "STUDENT INTERN - ALDERMANIC",
    "Zip Code": 60621,
    "HIRE DATE": "6/5/2017"
  },
  {
    "TITLE": "STUDENT INTERN - ALDERMANIC",
    "Zip Code": 60614,
    "HIRE DATE": "6/12/2017"
  },
  {
    "TITLE": "STUDENT INTERN - ALDERMANIC",
    "Zip Code": 60657,
    "HIRE DATE": "6/5/2017"
  },
  {
    "TITLE": "STUDENT INTERN - ALDERMANIC",
    "Zip Code": 60608,
    "HIRE DATE": "6/5/2017"
  },
  {
    "TITLE": "STUDENT INTERN - ALDERMANIC",
    "Zip Code": 60631,
    "HIRE DATE": "6/5/2017"
  },
  {
    "TITLE": "STUDENT INTERN - ALDERMANIC",
    "Zip Code": 60647,
    "HIRE DATE": "6/5/2017"
  },
  {
    "TITLE": "STUDENT INTERN - ALDERMANIC",
    "Zip Code": 60641,
    "HIRE DATE": "6/5/2017"
  },
  {
    "TITLE": "STUDENT INTERN - ALDERMANIC",
    "Zip Code": 60637,
    "HIRE DATE": "6/5/2017"
  },
  {
    "TITLE": "STUDENT INTERN - ALDERMANIC",
    "Zip Code": 60652,
    "HIRE DATE": "6/5/2017"
  },
  {
    "TITLE": "STUDENT INTERN - CITY CLERK",
    "Zip Code": 60615,
    "HIRE DATE": "6/1/2017"
  },
  {
    "TITLE": "STUDENT INTERN - CITY CLERK",
    "Zip Code": 60646,
    "HIRE DATE": "6/1/2017"
  },
  {
    "TITLE": "STUDENT INTERN - CITY CLERK",
    "Zip Code": 60638,
    "HIRE DATE": "6/1/2017"
  },
  {
    "TITLE": "STUDENT INTERN - CITY CLERK",
    "Zip Code": 60616,
    "HIRE DATE": "6/1/2017"
  },
  {
    "TITLE": "STUDENT INTERN - CITY CLERK",
    "Zip Code": 60616,
    "HIRE DATE": "6/1/2017"
  },
  {
    "TITLE": "STUDENT INTERN - CITY CLERK",
    "Zip Code": 60620,
    "HIRE DATE": "6/1/2017"
  },
  {
    "TITLE": "STUDENT INTERN - CITY CLERK",
    "Zip Code": 60609,
    "HIRE DATE": "6/1/2017"
  },
  {
    "TITLE": "STUDENT INTERN - CITY CLERK",
    "Zip Code": 60636,
    "HIRE DATE": "6/1/2017"
  },
  {
    "TITLE": "STUDENT INTERN - CITY CLERK",
    "Zip Code": 60615,
    "HIRE DATE": "6/1/2017"
  },
  {
    "TITLE": "STUDENT INTERN - CITY CLERK",
    "Zip Code": 60610,
    "HIRE DATE": "6/1/2017"
  },
  {
    "TITLE": "STUDENT INTERN - CITY CLERK",
    "Zip Code": 60628,
    "HIRE DATE": "6/1/2017"
  },
  {
    "TITLE": "STUDENT INTERN - CITY CLERK",
    "Zip Code": 60638,
    "HIRE DATE": "6/1/2017"
  },
  {
    "TITLE": "STUDENT INTERN - CITY CLERK",
    "Zip Code": 60655,
    "HIRE DATE": "6/1/2017"
  },
  {
    "TITLE": "STUDENT INTERN - CITY CLERK",
    "Zip Code": 60649,
    "HIRE DATE": "6/1/2017"
  },
  {
    "TITLE": "STUDENT INTERN - CITY CLERK",
    "Zip Code": 60645,
    "HIRE DATE": "6/1/2017"
  },
  {
    "TITLE": "STUDENT INTERN - CITY CLERK",
    "Zip Code": 60645,
    "HIRE DATE": "6/1/2017"
  },
  {
    "TITLE": "STUDENT INTERN - CITY CLERK",
    "Zip Code": 60651,
    "HIRE DATE": "6/1/2017"
  },
  {
    "TITLE": "STUDENT INTERN - CITY CLERK",
    "Zip Code": 60643,
    "HIRE DATE": "6/1/2017"
  },
  {
    "TITLE": "STUDENT INTERN - CITY CLERK",
    "Zip Code": 60634,
    "HIRE DATE": "6/1/2017"
  },
  {
    "TITLE": "STUDENT INTERN - CITY CLERK",
    "Zip Code": 60611,
    "HIRE DATE": "6/1/2017"
  },
  {
    "TITLE": "STUDENT INTERN - MAYOR'S FELLOWS",
    "Zip Code": 60622,
    "HIRE DATE": "6/12/2017"
  },
  {
    "TITLE": "STUDENT INTERN - MAYOR'S FELLOWS",
    "Zip Code": 60608,
    "HIRE DATE": "6/12/2017"
  },
  {
    "TITLE": "STUDENT INTERN - MAYOR'S FELLOWS",
    "Zip Code": 60607,
    "HIRE DATE": "6/12/2017"
  },
  {
    "TITLE": "STUDENT INTERN - MAYOR'S FELLOWS",
    "Zip Code": 60601,
    "HIRE DATE": "6/12/2017"
  },
  {
    "TITLE": "STUDENT INTERN - MAYOR'S FELLOWS",
    "Zip Code": 60618,
    "HIRE DATE": "6/12/2017"
  },
  {
    "TITLE": "STUDENT INTERN - MAYOR'S FELLOWS",
    "Zip Code": 60613,
    "HIRE DATE": "6/12/2017"
  },
  {
    "TITLE": "STUDENT INTERN - MAYOR'S FELLOWS",
    "Zip Code": 60657,
    "HIRE DATE": "6/12/2017"
  },
  {
    "TITLE": "STUDENT INTERN - MAYOR'S FELLOWS",
    "Zip Code": 60601,
    "HIRE DATE": "6/12/2017"
  },
  {
    "TITLE": "STUDENT INTERN - MAYOR'S FELLOWS",
    "Zip Code": 60657,
    "HIRE DATE": "6/12/2017"
  },
  {
    "TITLE": "STUDENT INTERN - MAYOR'S FELLOWS",
    "Zip Code": 60615,
    "HIRE DATE": "6/12/2017"
  },
  {
    "TITLE": "STUDENT INTERN - MAYOR'S FELLOWS",
    "Zip Code": 60601,
    "HIRE DATE": "6/12/2017"
  },
  {
    "TITLE": "STUDENT INTERN - MAYOR'S FELLOWS",
    "Zip Code": 60622,
    "HIRE DATE": "6/12/2017"
  },
  {
    "TITLE": "STUDENT INTERN - MAYOR'S FELLOWS",
    "Zip Code": 60607,
    "HIRE DATE": "6/12/2017"
  },
  {
    "TITLE": "STUDENT INTERN - MAYOR'S FELLOWS",
    "Zip Code": 60640,
    "HIRE DATE": "6/12/2017"
  },
  {
    "TITLE": "STUDENT INTERN - MAYOR'S FELLOWS",
    "Zip Code": 60614,
    "HIRE DATE": "6/12/2017"
  },
  {
    "TITLE": "STUDENT INTERN - MAYOR'S FELLOWS",
    "Zip Code": 60615,
    "HIRE DATE": "6/12/2017"
  },
  {
    "TITLE": "STUDENT INTERN - MAYOR'S FELLOWS",
    "Zip Code": 60601,
    "HIRE DATE": "6/12/2017"
  },
  {
    "TITLE": "STUDENT INTERN - MAYOR'S FELLOWS",
    "Zip Code": 60611,
    "HIRE DATE": "6/12/2017"
  },
  {
    "TITLE": "STUDENT INTERN - MAYOR'S FELLOWS",
    "Zip Code": 60617,
    "HIRE DATE": "6/12/2017"
  },
  {
    "TITLE": "STUDENT INTERN - MAYOR'S FELLOWS",
    "Zip Code": 60637,
    "HIRE DATE": "6/12/2017"
  },
  {
    "TITLE": "STUDENT INTERN - MAYOR'S FELLOWS",
    "Zip Code": 60638,
    "HIRE DATE": "6/12/2017"
  },
  {
    "TITLE": "STUDENT INTERN - MAYOR'S FELLOWS",
    "Zip Code": 60613,
    "HIRE DATE": "6/12/2017"
  },
  {
    "TITLE": "STUDENT INTERN - MAYOR'S FELLOWS",
    "Zip Code": 60615,
    "HIRE DATE": "6/12/2017"
  },
  {
    "TITLE": "STUDENT INTERN - MAYOR'S FELLOWS",
    "Zip Code": 60647,
    "HIRE DATE": "6/12/2017"
  },
  {
    "TITLE": "STUDENT INTERN - MAYOR'S FELLOWS",
    "Zip Code": 60601,
    "HIRE DATE": "6/12/2017"
  },
  {
    "TITLE": "STUDENT INTERN - MAYOR'S OFFICE",
    "Zip Code": 60634,
    "HIRE DATE": "5/1/2017"
  },
  {
    "TITLE": "STUDENT INTERN - MAYOR'S OFFICE",
    "Zip Code": 60628,
    "HIRE DATE": "12/11/2017"
  },
  {
    "TITLE": "STUDENT INTERN",
    "Zip Code": 60622,
    "HIRE DATE": "3/2/2018"
  },
  {
    "TITLE": "STUDENT INTERN",
    "Zip Code": 60632,
    "HIRE DATE": "2/26/2018"
  },
  {
    "TITLE": "STUDENT INTERN",
    "Zip Code": 60660,
    "HIRE DATE": "6/8/2018"
  },
  {
    "TITLE": "STUDENT INTERN",
    "Zip Code": 60625,
    "HIRE DATE": "5/22/2018"
  },
  {
    "TITLE": "STUDENT INTERN",
    "Zip Code": 60641,
    "HIRE DATE": "6/11/2018"
  },
  {
    "TITLE": "STUDENT INTERN",
    "Zip Code": 60616,
    "HIRE DATE": "5/29/2018"
  },
  {
    "TITLE": "STUDENT INTERN",
    "Zip Code": 60640,
    "HIRE DATE": "11/26/2018"
  },
  {
    "TITLE": "STUDENT INTERN",
    "Zip Code": 60653,
    "HIRE DATE": "8/24/2018"
  },
  {
    "TITLE": "STUDENT INTERN",
    "Zip Code": 60636,
    "HIRE DATE": "6/4/2018"
  },
  {
    "TITLE": "STUDENT INTERN",
    "Zip Code": 60615,
    "HIRE DATE": "6/18/2018"
  },
  {
    "TITLE": "STUDENT INTERN",
    "Zip Code": 60632,
    "HIRE DATE": "6/19/2018"
  },
  {
    "TITLE": "STUDENT INTERN",
    "Zip Code": 60642,
    "HIRE DATE": "9/4/2018"
  },
  {
    "TITLE": "STUDENT INTERN",
    "Zip Code": 60623,
    "HIRE DATE": "11/16/2018"
  },
  {
    "TITLE": "STUDENT INTERN",
    "Zip Code": 60655,
    "HIRE DATE": "12/10/2018"
  },
  {
    "TITLE": "STUDENT INTERN",
    "Zip Code": 60605,
    "HIRE DATE": "5/22/2018"
  },
  {
    "TITLE": "STUDENT INTERN",
    "Zip Code": 60657,
    "HIRE DATE": "4/19/2018"
  },
  {
    "TITLE": "STUDENT INTERN",
    "Zip Code": 60641,
    "HIRE DATE": "5/22/2018"
  },
  {
    "TITLE": "STUDENT INTERN",
    "Zip Code": 60641,
    "HIRE DATE": "6/4/2018"
  },
  {
    "TITLE": "STUDENT INTERN",
    "Zip Code": 60643,
    "HIRE DATE": "10/16/2018"
  },
  {
    "TITLE": "STUDENT INTERN",
    "Zip Code": 60632,
    "HIRE DATE": "2/26/2018"
  },
  {
    "TITLE": "STUDENT INTERN",
    "Zip Code": 60632,
    "HIRE DATE": "6/4/2018"
  },
  {
    "TITLE": "STUDENT INTERN",
    "Zip Code": 60626,
    "HIRE DATE": "6/18/2018"
  },
  {
    "TITLE": "STUDENT INTERN",
    "Zip Code": 60632,
    "HIRE DATE": "6/4/2018"
  },
  {
    "TITLE": "STUDENT INTERN",
    "Zip Code": 60613,
    "HIRE DATE": "6/11/2018"
  },
  {
    "TITLE": "STUDENT INTERN",
    "Zip Code": 60660,
    "HIRE DATE": "5/29/2018"
  },
  {
    "TITLE": "STUDENT INTERN",
    "Zip Code": 80122,
    "HIRE DATE": "8/21/2018"
  },
  {
    "TITLE": "STUDENT INTERN",
    "Zip Code": 60126,
    "HIRE DATE": "6/4/2018"
  },
  {
    "TITLE": "STUDENT INTERN",
    "Zip Code": 60614,
    "HIRE DATE": "5/22/2018"
  },
  {
    "TITLE": "STUDENT INTERN",
    "Zip Code": 60625,
    "HIRE DATE": "10/16/2018"
  },
  {
    "TITLE": "STUDENT INTERN",
    "Zip Code": 60616,
    "HIRE DATE": "6/22/2018"
  },
  {
    "TITLE": "STUDENT INTERN",
    "Zip Code": 60634,
    "HIRE DATE": "7/20/2018"
  },
  {
    "TITLE": "STUDENT INTERN",
    "Zip Code": 60643,
    "HIRE DATE": "6/11/2018"
  },
  {
    "TITLE": "STUDENT INTERN",
    "Zip Code": 60607,
    "HIRE DATE": "6/4/2018"
  },
  {
    "TITLE": "STUDENT INTERN",
    "Zip Code": 60638,
    "HIRE DATE": "6/18/2018"
  },
  {
    "TITLE": "STUDENT INTERN",
    "Zip Code": 60626,
    "HIRE DATE": "5/16/2018"
  },
  {
    "TITLE": "STUDENT INTERN",
    "Zip Code": 60638,
    "HIRE DATE": "11/5/2018"
  },
  {
    "TITLE": "STUDENT INTERN",
    "Zip Code": 60601,
    "HIRE DATE": "9/24/2018"
  },
  {
    "TITLE": "STUDENT INTERN",
    "Zip Code": 60626,
    "HIRE DATE": "6/18/2018"
  },
  {
    "TITLE": "STUDENT INTERN",
    "Zip Code": 60126,
    "HIRE DATE": "8/6/2018"
  },
  {
    "TITLE": "STUDENT INTERN",
    "Zip Code": 60612,
    "HIRE DATE": "3/1/2018"
  },
  {
    "TITLE": "STUDENT INTERN",
    "Zip Code": 60647,
    "HIRE DATE": "6/11/2018"
  },
  {
    "TITLE": "STUDENT INTERN",
    "Zip Code": 60649,
    "HIRE DATE": "6/4/2018"
  },
  {
    "TITLE": "STUDENT INTERN",
    "Zip Code": 60641,
    "HIRE DATE": "6/4/2018"
  },
  {
    "TITLE": "STUDENT INTERN",
    "Zip Code": 60630,
    "HIRE DATE": "6/4/2018"
  },
  {
    "TITLE": "STUDENT INTERN",
    "Zip Code": 60654,
    "HIRE DATE": "9/24/2018"
  },
  {
    "TITLE": "STUDENT INTERN",
    "Zip Code": 60626,
    "HIRE DATE": "5/31/2018"
  },
  {
    "TITLE": "STUDENT INTERN",
    "Zip Code": 60652,
    "HIRE DATE": "6/11/2018"
  },
  {
    "TITLE": "STUDENT INTERN",
    "Zip Code": 60655,
    "HIRE DATE": "4/16/2018"
  },
  {
    "TITLE": "STUDENT INTERN",
    "Zip Code": 60641,
    "HIRE DATE": "10/22/2018"
  },
  {
    "TITLE": "STUDENT INTERN",
    "Zip Code": 60634,
    "HIRE DATE": "3/1/2018"
  },
  {
    "TITLE": "STUDENT INTERN",
    "Zip Code": 60629,
    "HIRE DATE": "3/1/2018"
  },
  {
    "TITLE": "STUDENT INTERN",
    "Zip Code": 60620,
    "HIRE DATE": "11/20/2018"
  },
  {
    "TITLE": "STUDENT INTERN",
    "Zip Code": 60629,
    "HIRE DATE": "7/20/2018"
  },
  {
    "TITLE": "STUDENT INTERN",
    "Zip Code": 60639,
    "HIRE DATE": "4/17/2018"
  },
  {
    "TITLE": "STUDENT INTERN",
    "Zip Code": 60607,
    "HIRE DATE": "3/1/2018"
  },
  {
    "TITLE": "STUDENT INTERN",
    "Zip Code": 60613,
    "HIRE DATE": "4/19/2018"
  },
  {
    "TITLE": "STUDENT INTERN",
    "Zip Code": 60610,
    "HIRE DATE": "11/19/2018"
  },
  {
    "TITLE": "STUDENT INTERN",
    "Zip Code": 60614,
    "HIRE DATE": "6/8/2018"
  },
  {
    "TITLE": "STUDENT INTERN - ALDERMANIC",
    "Zip Code": 60618,
    "HIRE DATE": "6/4/2018"
  },
  {
    "TITLE": "STUDENT INTERN - ALDERMANIC",
    "Zip Code": 60623,
    "HIRE DATE": "6/4/2018"
  },
  {
    "TITLE": "STUDENT INTERN - ALDERMANIC",
    "Zip Code": 60646,
    "HIRE DATE": "6/4/2018"
  },
  {
    "TITLE": "STUDENT INTERN - ALDERMANIC",
    "Zip Code": 60634,
    "HIRE DATE": "6/4/2018"
  },
  {
    "TITLE": "STUDENT INTERN - ALDERMANIC",
    "Zip Code": 60634,
    "HIRE DATE": "6/4/2018"
  },
  {
    "TITLE": "STUDENT INTERN - ALDERMANIC",
    "Zip Code": 60707,
    "HIRE DATE": "6/11/2018"
  },
  {
    "TITLE": "STUDENT INTERN - ALDERMANIC",
    "Zip Code": 60617,
    "HIRE DATE": "6/4/2018"
  },
  {
    "TITLE": "STUDENT INTERN - ALDERMANIC",
    "Zip Code": 60616,
    "HIRE DATE": "6/4/2018"
  },
  {
    "TITLE": "STUDENT INTERN - ALDERMANIC",
    "Zip Code": 60632,
    "HIRE DATE": "6/4/2018"
  },
  {
    "TITLE": "STUDENT INTERN - ALDERMANIC",
    "Zip Code": 60618,
    "HIRE DATE": "6/4/2018"
  },
  {
    "TITLE": "STUDENT INTERN - ALDERMANIC",
    "Zip Code": 60647,
    "HIRE DATE": "6/4/2018"
  },
  {
    "TITLE": "STUDENT INTERN - ALDERMANIC",
    "Zip Code": 60626,
    "HIRE DATE": "6/4/2018"
  },
  {
    "TITLE": "STUDENT INTERN - ALDERMANIC",
    "Zip Code": 60657,
    "HIRE DATE": "6/4/2018"
  },
  {
    "TITLE": "STUDENT INTERN - ALDERMANIC",
    "Zip Code": 60657,
    "HIRE DATE": "9/11/2018"
  },
  {
    "TITLE": "STUDENT INTERN - ALDERMANIC",
    "Zip Code": 60608,
    "HIRE DATE": "6/4/2018"
  },
  {
    "TITLE": "STUDENT INTERN - ALDERMANIC",
    "Zip Code": 60651,
    "HIRE DATE": "6/4/2018"
  },
  {
    "TITLE": "STUDENT INTERN - ALDERMANIC",
    "Zip Code": 60629,
    "HIRE DATE": "6/4/2018"
  },
  {
    "TITLE": "STUDENT INTERN - ALDERMANIC",
    "Zip Code": 60620,
    "HIRE DATE": "6/4/2018"
  },
  {
    "TITLE": "STUDENT INTERN - ALDERMANIC",
    "Zip Code": 60617,
    "HIRE DATE": "6/4/2018"
  },
  {
    "TITLE": "STUDENT INTERN - ALDERMANIC",
    "Zip Code": 60617,
    "HIRE DATE": "6/4/2018"
  },
  {
    "TITLE": "STUDENT INTERN - ALDERMANIC",
    "Zip Code": 60640,
    "HIRE DATE": "6/4/2018"
  },
  {
    "TITLE": "STUDENT INTERN - ALDERMANIC",
    "Zip Code": 60628,
    "HIRE DATE": "6/4/2018"
  },
  {
    "TITLE": "STUDENT INTERN - ALDERMANIC",
    "Zip Code": 60649,
    "HIRE DATE": "6/4/2018"
  },
  {
    "TITLE": "STUDENT INTERN - ALDERMANIC",
    "Zip Code": 60609,
    "HIRE DATE": "6/4/2018"
  },
  {
    "TITLE": "STUDENT INTERN - ALDERMANIC",
    "Zip Code": 60644,
    "HIRE DATE": "6/4/2018"
  },
  {
    "TITLE": "STUDENT INTERN - ALDERMANIC",
    "Zip Code": 60632,
    "HIRE DATE": "6/4/2018"
  },
  {
    "TITLE": "STUDENT INTERN - ALDERMANIC",
    "Zip Code": 60618,
    "HIRE DATE": "6/4/2018"
  },
  {
    "TITLE": "STUDENT INTERN - ALDERMANIC",
    "Zip Code": 60639,
    "HIRE DATE": "6/4/2018"
  },
  {
    "TITLE": "STUDENT INTERN - ALDERMANIC",
    "Zip Code": 60619,
    "HIRE DATE": "6/4/2018"
  },
  {
    "TITLE": "STUDENT INTERN - ALDERMANIC",
    "Zip Code": 60638,
    "HIRE DATE": "6/18/2018"
  },
  {
    "TITLE": "STUDENT INTERN - ALDERMANIC",
    "Zip Code": 60656,
    "HIRE DATE": "6/4/2018"
  },
  {
    "TITLE": "STUDENT INTERN - ALDERMANIC",
    "Zip Code": 60622,
    "HIRE DATE": "6/11/2018"
  },
  {
    "TITLE": "STUDENT INTERN - ALDERMANIC",
    "Zip Code": 60660,
    "HIRE DATE": "5/16/2018"
  },
  {
    "TITLE": "STUDENT INTERN - ALDERMANIC",
    "Zip Code": 60660,
    "HIRE DATE": "6/4/2018"
  },
  {
    "TITLE": "STUDENT INTERN - ALDERMANIC",
    "Zip Code": 60643,
    "HIRE DATE": "6/4/2018"
  },
  {
    "TITLE": "STUDENT INTERN - ALDERMANIC",
    "Zip Code": 60646,
    "HIRE DATE": "6/4/2018"
  },
  {
    "TITLE": "STUDENT INTERN - ALDERMANIC",
    "Zip Code": 60651,
    "HIRE DATE": "6/4/2018"
  },
  {
    "TITLE": "STUDENT INTERN - ALDERMANIC",
    "Zip Code": 60641,
    "HIRE DATE": "6/4/2018"
  },
  {
    "TITLE": "STUDENT INTERN - ALDERMANIC",
    "Zip Code": 60611,
    "HIRE DATE": "6/11/2018"
  },
  {
    "TITLE": "STUDENT INTERN - ALDERMANIC",
    "Zip Code": 60652,
    "HIRE DATE": "6/4/2018"
  },
  {
    "TITLE": "STUDENT INTERN - ALDERMANIC",
    "Zip Code": 60621,
    "HIRE DATE": "6/4/2018"
  },
  {
    "TITLE": "STUDENT INTERN - ALDERMANIC",
    "Zip Code": 60637,
    "HIRE DATE": "6/4/2018"
  },
  {
    "TITLE": "STUDENT INTERN - ALDERMANIC",
    "Zip Code": 60641,
    "HIRE DATE": "6/4/2018"
  },
  {
    "TITLE": "STUDENT INTERN - ALDERMANIC",
    "Zip Code": 60628,
    "HIRE DATE": "6/4/2018"
  },
  {
    "TITLE": "STUDENT INTERN - ALDERMANIC",
    "Zip Code": 60643,
    "HIRE DATE": "6/4/2018"
  },
  {
    "TITLE": "STUDENT INTERN - ALDERMANIC",
    "Zip Code": 60643,
    "HIRE DATE": "6/4/2018"
  },
  {
    "TITLE": "STUDENT INTERN - ALDERMANIC",
    "Zip Code": 60649,
    "HIRE DATE": "6/4/2018"
  },
  {
    "TITLE": "STUDENT INTERN - CITY CLERK",
    "Zip Code": 60646,
    "HIRE DATE": "6/6/2018"
  },
  {
    "TITLE": "STUDENT INTERN - CITY CLERK",
    "Zip Code": 60618,
    "HIRE DATE": "5/21/2018"
  },
  {
    "TITLE": "STUDENT INTERN - CITY CLERK",
    "Zip Code": 60653,
    "HIRE DATE": "5/21/2018"
  },
  {
    "TITLE": "STUDENT INTERN - CITY CLERK",
    "Zip Code": 60625,
    "HIRE DATE": "6/1/2018"
  },
  {
    "TITLE": "STUDENT INTERN - CITY CLERK",
    "Zip Code": 60645,
    "HIRE DATE": "6/18/2018"
  },
  {
    "TITLE": "STUDENT INTERN - CITY CLERK",
    "Zip Code": 60632,
    "HIRE DATE": "5/21/2018"
  },
  {
    "TITLE": "STUDENT INTERN - CITY CLERK",
    "Zip Code": 60629,
    "HIRE DATE": "5/16/2018"
  },
  {
    "TITLE": "STUDENT INTERN - CITY CLERK",
    "Zip Code": 60632,
    "HIRE DATE": "5/21/2018"
  },
  {
    "TITLE": "STUDENT INTERN - CITY CLERK",
    "Zip Code": 60653,
    "HIRE DATE": "1/16/2018"
  },
  {
    "TITLE": "STUDENT INTERN - CITY CLERK",
    "Zip Code": 60614,
    "HIRE DATE": "6/11/2018"
  },
  {
    "TITLE": "STUDENT INTERN - CITY CLERK",
    "Zip Code": 60628,
    "HIRE DATE": "6/12/2018"
  },
  {
    "TITLE": "STUDENT INTERN - CITY CLERK",
    "Zip Code": 60652,
    "HIRE DATE": "6/1/2018"
  },
  {
    "TITLE": "STUDENT INTERN - CITY CLERK",
    "Zip Code": 60652,
    "HIRE DATE": "12/3/2018"
  },
  {
    "TITLE": "STUDENT INTERN - CITY CLERK",
    "Zip Code": 60656,
    "HIRE DATE": "6/8/2018"
  },
  {
    "TITLE": "STUDENT INTERN - MAYOR'S FELLOWS",
    "Zip Code": 60634,
    "HIRE DATE": "6/11/2018"
  },
  {
    "TITLE": "STUDENT INTERN - MAYOR'S FELLOWS",
    "Zip Code": 60637,
    "HIRE DATE": "6/11/2018"
  },
  {
    "TITLE": "STUDENT INTERN - MAYOR'S FELLOWS",
    "Zip Code": 60622,
    "HIRE DATE": "6/11/2018"
  },
  {
    "TITLE": "STUDENT INTERN - MAYOR'S FELLOWS",
    "Zip Code": 60647,
    "HIRE DATE": "6/11/2018"
  },
  {
    "TITLE": "STUDENT INTERN - MAYOR'S FELLOWS",
    "Zip Code": 60608,
    "HIRE DATE": "6/11/2018"
  },
  {
    "TITLE": "STUDENT INTERN - MAYOR'S FELLOWS",
    "Zip Code": 60615,
    "HIRE DATE": "6/11/2018"
  },
  {
    "TITLE": "STUDENT INTERN - MAYOR'S FELLOWS",
    "Zip Code": 60616,
    "HIRE DATE": "6/11/2018"
  },
  {
    "TITLE": "STUDENT INTERN - MAYOR'S FELLOWS",
    "Zip Code": 60640,
    "HIRE DATE": "6/11/2018"
  },
  {
    "TITLE": "STUDENT INTERN - MAYOR'S FELLOWS",
    "Zip Code": 60605,
    "HIRE DATE": "6/11/2018"
  },
  {
    "TITLE": "STUDENT INTERN - MAYOR'S FELLOWS",
    "Zip Code": 60601,
    "HIRE DATE": "6/11/2018"
  },
  {
    "TITLE": "STUDENT INTERN - MAYOR'S FELLOWS",
    "Zip Code": 60654,
    "HIRE DATE": "6/11/2018"
  },
  {
    "TITLE": "STUDENT INTERN - MAYOR'S FELLOWS",
    "Zip Code": 60614,
    "HIRE DATE": "6/11/2018"
  },
  {
    "TITLE": "STUDENT INTERN - MAYOR'S FELLOWS",
    "Zip Code": 60613,
    "HIRE DATE": "6/11/2018"
  },
  {
    "TITLE": "STUDENT INTERN - MAYOR'S FELLOWS",
    "Zip Code": 60615,
    "HIRE DATE": "6/11/2018"
  },
  {
    "TITLE": "STUDENT INTERN - MAYOR'S FELLOWS",
    "Zip Code": 60614,
    "HIRE DATE": "6/11/2018"
  },
  {
    "TITLE": "STUDENT INTERN - MAYOR'S FELLOWS",
    "Zip Code": 60615,
    "HIRE DATE": "6/11/2018"
  },
  {
    "TITLE": "STUDENT INTERN - MAYOR'S FELLOWS",
    "Zip Code": 60660,
    "HIRE DATE": "6/11/2018"
  },
  {
    "TITLE": "STUDENT INTERN - MAYOR'S FELLOWS",
    "Zip Code": 60601,
    "HIRE DATE": "6/11/2018"
  },
  {
    "TITLE": "STUDENT INTERN - MAYOR'S FELLOWS",
    "Zip Code": 60610,
    "HIRE DATE": "6/11/2018"
  },
  {
    "TITLE": "STUDENT INTERN - MAYOR'S FELLOWS",
    "Zip Code": 60626,
    "HIRE DATE": "6/11/2018"
  },
  {
    "TITLE": "STUDENT INTERN - MAYOR'S FELLOWS",
    "Zip Code": 60615,
    "HIRE DATE": "6/11/2018"
  },
  {
    "TITLE": "STUDENT INTERN - MAYOR'S FELLOWS",
    "Zip Code": 60607,
    "HIRE DATE": "6/11/2018"
  },
  {
    "TITLE": "STUDENT INTERN - MAYOR'S FELLOWS",
    "Zip Code": 60611,
    "HIRE DATE": "6/11/2018"
  },
  {
    "TITLE": "STUDENT INTERN - MAYOR'S FELLOWS",
    "Zip Code": 60660,
    "HIRE DATE": "6/11/2018"
  },
  {
    "TITLE": "STUDENT INTERN - MAYOR'S FELLOWS",
    "Zip Code": 60601,
    "HIRE DATE": "6/11/2018"
  },
  {
    "TITLE": "STUDENT INTERN",
    "Zip Code": 60656,
    "HIRE DATE": "8/21/2019"
  },
  {
    "TITLE": "STUDENT INTERN",
    "Zip Code": 60639,
    "HIRE DATE": "12/9/2019"
  },
  {
    "TITLE": "STUDENT INTERN",
    "Zip Code": 60660,
    "HIRE DATE": "6/6/2019"
  },
  {
    "TITLE": "STUDENT INTERN",
    "Zip Code": 60633,
    "HIRE DATE": "6/24/2019"
  },
  {
    "TITLE": "STUDENT INTERN",
    "Zip Code": 60647,
    "HIRE DATE": "8/19/2019"
  },
  {
    "TITLE": "STUDENT INTERN",
    "Zip Code": 60655,
    "HIRE DATE": "7/1/2019"
  },
  {
    "TITLE": "STUDENT INTERN",
    "Zip Code": 60657,
    "HIRE DATE": "7/9/2019"
  },
  {
    "TITLE": "STUDENT INTERN",
    "Zip Code": 60621,
    "HIRE DATE": "4/26/2019"
  },
  {
    "TITLE": "STUDENT INTERN",
    "Zip Code": 60626,
    "HIRE DATE": "7/3/2019"
  },
  {
    "TITLE": "STUDENT INTERN",
    "Zip Code": 60638,
    "HIRE DATE": "7/9/2019"
  },
  {
    "TITLE": "STUDENT INTERN",
    "Zip Code": 60614,
    "HIRE DATE": "7/1/2019"
  },
  {
    "TITLE": "STUDENT INTERN",
    "Zip Code": 60657,
    "HIRE DATE": "12/9/2019"
  },
  {
    "TITLE": "STUDENT INTERN",
    "Zip Code": 60612,
    "HIRE DATE": "8/23/2019"
  },
  {
    "TITLE": "STUDENT INTERN",
    "Zip Code": 60613,
    "HIRE DATE": "8/23/2019"
  },
  {
    "TITLE": "STUDENT INTERN",
    "Zip Code": 60660,
    "HIRE DATE": "8/23/2019"
  },
  {
    "TITLE": "STUDENT INTERN",
    "Zip Code": 60608,
    "HIRE DATE": "2/21/2019"
  },
  {
    "TITLE": "STUDENT INTERN",
    "Zip Code": 60640,
    "HIRE DATE": "6/14/2019"
  },
  {
    "TITLE": "STUDENT INTERN",
    "Zip Code": 60630,
    "HIRE DATE": "8/23/2019"
  },
  {
    "TITLE": "STUDENT INTERN",
    "Zip Code": 60629,
    "HIRE DATE": "5/17/2019"
  },
  {
    "TITLE": "STUDENT INTERN",
    "Zip Code": 60640,
    "HIRE DATE": "7/9/2019"
  },
  {
    "TITLE": "STUDENT INTERN",
    "Zip Code": 60609,
    "HIRE DATE": "8/23/2019"
  },
  {
    "TITLE": "STUDENT INTERN",
    "Zip Code": 60643,
    "HIRE DATE": "8/12/2019"
  },
  {
    "TITLE": "STUDENT INTERN",
    "Zip Code": 60655,
    "HIRE DATE": "6/26/2019"
  },
  {
    "TITLE": "STUDENT INTERN",
    "Zip Code": 60647,
    "HIRE DATE": "6/25/2019"
  },
  {
    "TITLE": "STUDENT INTERN",
    "Zip Code": 60605,
    "HIRE DATE": "2/20/2019"
  },
  {
    "TITLE": "STUDENT INTERN",
    "Zip Code": 53703,
    "HIRE DATE": "6/6/2019"
  },
  {
    "TITLE": "STUDENT INTERN",
    "Zip Code": 60626,
    "HIRE DATE": "5/17/2019"
  },
  {
    "TITLE": "STUDENT INTERN",
    "Zip Code": 60640,
    "HIRE DATE": "12/9/2019"
  },
  {
    "TITLE": "STUDENT INTERN",
    "Zip Code": 43551,
    "HIRE DATE": "6/6/2019"
  },
  {
    "TITLE": "STUDENT INTERN - ALDERMANIC",
    "Zip Code": 60632,
    "HIRE DATE": "6/11/2019"
  },
  {
    "TITLE": "STUDENT INTERN - ALDERMANIC",
    "Zip Code": 60618,
    "HIRE DATE": "6/3/2019"
  },
  {
    "TITLE": "STUDENT INTERN - ALDERMANIC",
    "Zip Code": 60643,
    "HIRE DATE": "6/3/2019"
  },
  {
    "TITLE": "STUDENT INTERN - ALDERMANIC",
    "Zip Code": 60649,
    "HIRE DATE": "6/3/2019"
  },
  {
    "TITLE": "STUDENT INTERN - ALDERMANIC",
    "Zip Code": 60617,
    "HIRE DATE": "6/3/2019"
  },
  {
    "TITLE": "STUDENT INTERN - ALDERMANIC",
    "Zip Code": 60628,
    "HIRE DATE": "6/3/2019"
  },
  {
    "TITLE": "STUDENT INTERN - ALDERMANIC",
    "Zip Code": 60707,
    "HIRE DATE": "6/3/2019"
  },
  {
    "TITLE": "STUDENT INTERN - ALDERMANIC",
    "Zip Code": 60617,
    "HIRE DATE": "6/3/2019"
  },
  {
    "TITLE": "STUDENT INTERN - ALDERMANIC",
    "Zip Code": 60613,
    "HIRE DATE": "6/3/2019"
  },
  {
    "TITLE": "STUDENT INTERN - ALDERMANIC",
    "Zip Code": 60632,
    "HIRE DATE": "6/3/2019"
  },
  {
    "TITLE": "STUDENT INTERN - ALDERMANIC",
    "Zip Code": 60634,
    "HIRE DATE": "6/3/2019"
  },
  {
    "TITLE": "STUDENT INTERN - ALDERMANIC",
    "Zip Code": 60623,
    "HIRE DATE": "6/3/2019"
  },
  {
    "TITLE": "STUDENT INTERN - ALDERMANIC",
    "Zip Code": 60626,
    "HIRE DATE": "6/3/2019"
  },
  {
    "TITLE": "STUDENT INTERN - ALDERMANIC",
    "Zip Code": 60623,
    "HIRE DATE": "6/17/2019"
  },
  {
    "TITLE": "STUDENT INTERN - ALDERMANIC",
    "Zip Code": 60628,
    "HIRE DATE": "6/3/2019"
  },
  {
    "TITLE": "STUDENT INTERN - ALDERMANIC",
    "Zip Code": 60609,
    "HIRE DATE": "6/3/2019"
  },
  {
    "TITLE": "STUDENT INTERN - ALDERMANIC",
    "Zip Code": 60660,
    "HIRE DATE": "6/12/2019"
  },
  {
    "TITLE": "STUDENT INTERN - ALDERMANIC",
    "Zip Code": 60649,
    "HIRE DATE": "6/12/2019"
  },
  {
    "TITLE": "STUDENT INTERN - ALDERMANIC",
    "Zip Code": 60625,
    "HIRE DATE": "6/3/2019"
  },
  {
    "TITLE": "STUDENT INTERN - ALDERMANIC",
    "Zip Code": 60618,
    "HIRE DATE": "6/3/2019"
  },
  {
    "TITLE": "STUDENT INTERN - ALDERMANIC",
    "Zip Code": 60618,
    "HIRE DATE": "6/10/2019"
  },
  {
    "TITLE": "STUDENT INTERN - ALDERMANIC",
    "Zip Code": 60629,
    "HIRE DATE": "6/3/2019"
  },
  {
    "TITLE": "STUDENT INTERN - ALDERMANIC",
    "Zip Code": 60638,
    "HIRE DATE": "6/12/2019"
  },
  {
    "TITLE": "STUDENT INTERN - ALDERMANIC",
    "Zip Code": 60643,
    "HIRE DATE": "5/15/2019"
  },
  {
    "TITLE": "STUDENT INTERN - ALDERMANIC",
    "Zip Code": 60643,
    "HIRE DATE": "6/1/2019"
  },
  {
    "TITLE": "STUDENT INTERN - ALDERMANIC",
    "Zip Code": 60612,
    "HIRE DATE": "6/3/2019"
  },
  {
    "TITLE": "STUDENT INTERN - ALDERMANIC",
    "Zip Code": 60653,
    "HIRE DATE": "6/3/2019"
  },
  {
    "TITLE": "STUDENT INTERN - ALDERMANIC",
    "Zip Code": 60634,
    "HIRE DATE": "6/3/2019"
  },
  {
    "TITLE": "STUDENT INTERN - ALDERMANIC",
    "Zip Code": 60624,
    "HIRE DATE": "6/3/2019"
  },
  {
    "TITLE": "STUDENT INTERN - ALDERMANIC",
    "Zip Code": 60614,
    "HIRE DATE": "6/3/2019"
  },
  {
    "TITLE": "STUDENT INTERN - ALDERMANIC",
    "Zip Code": 60634,
    "HIRE DATE": "6/3/2019"
  },
  {
    "TITLE": "STUDENT INTERN - ALDERMANIC",
    "Zip Code": 60660,
    "HIRE DATE": "6/3/2019"
  },
  {
    "TITLE": "STUDENT INTERN - ALDERMANIC",
    "Zip Code": 60608,
    "HIRE DATE": "6/3/2019"
  },
  {
    "TITLE": "STUDENT INTERN - ALDERMANIC",
    "Zip Code": 60619,
    "HIRE DATE": "7/2/2019"
  },
  {
    "TITLE": "STUDENT INTERN - ALDERMANIC",
    "Zip Code": 60620,
    "HIRE DATE": "6/24/2019"
  },
  {
    "TITLE": "STUDENT INTERN - ALDERMANIC",
    "Zip Code": 60629,
    "HIRE DATE": "6/3/2019"
  },
  {
    "TITLE": "STUDENT INTERN - ALDERMANIC",
    "Zip Code": 60620,
    "HIRE DATE": "6/17/2019"
  },
  {
    "TITLE": "STUDENT INTERN - ALDERMANIC",
    "Zip Code": 60631,
    "HIRE DATE": "6/3/2019"
  },
  {
    "TITLE": "STUDENT INTERN - ALDERMANIC",
    "Zip Code": 91423,
    "HIRE DATE": "6/3/2019"
  },
  {
    "TITLE": "STUDENT INTERN - ALDERMANIC",
    "Zip Code": 60628,
    "HIRE DATE": "6/3/2019"
  },
  {
    "TITLE": "STUDENT INTERN - ALDERMANIC",
    "Zip Code": 60625,
    "HIRE DATE": "6/3/2019"
  },
  {
    "TITLE": "STUDENT INTERN - ALDERMANIC",
    "Zip Code": 60642,
    "HIRE DATE": "6/17/2019"
  },
  {
    "TITLE": "STUDENT INTERN - ALDERMANIC",
    "Zip Code": 60625,
    "HIRE DATE": "6/3/2019"
  },
  {
    "TITLE": "STUDENT INTERN - ALDERMANIC",
    "Zip Code": 60641,
    "HIRE DATE": "6/10/2019"
  },
  {
    "TITLE": "STUDENT INTERN - ALDERMANIC",
    "Zip Code": 60628,
    "HIRE DATE": "6/3/2019"
  },
  {
    "TITLE": "STUDENT INTERN - CITY CLERK",
    "Zip Code": 60641,
    "HIRE DATE": "6/3/2019"
  },
  {
    "TITLE": "STUDENT INTERN - CITY CLERK",
    "Zip Code": 60617,
    "HIRE DATE": "6/3/2019"
  },
  {
    "TITLE": "STUDENT INTERN - CITY CLERK",
    "Zip Code": 60617,
    "HIRE DATE": "6/17/2019"
  },
  {
    "TITLE": "STUDENT INTERN - CITY CLERK",
    "Zip Code": 60633,
    "HIRE DATE": "7/1/2019"
  },
  {
    "TITLE": "STUDENT INTERN - CITY CLERK",
    "Zip Code": 60653,
    "HIRE DATE": "6/3/2019"
  },
  {
    "TITLE": "STUDENT INTERN - CITY CLERK",
    "Zip Code": 60611,
    "HIRE DATE": "6/17/2019"
  },
  {
    "TITLE": "STUDENT INTERN - CITY CLERK",
    "Zip Code": 60615,
    "HIRE DATE": "7/1/2019"
  },
  {
    "TITLE": "STUDENT INTERN - CITY CLERK",
    "Zip Code": 60629,
    "HIRE DATE": "6/17/2019"
  },
  {
    "TITLE": "STUDENT INTERN - CITY CLERK",
    "Zip Code": 60632,
    "HIRE DATE": "6/17/2019"
  },
  {
    "TITLE": "STUDENT INTERN - CITY CLERK",
    "Zip Code": 60609,
    "HIRE DATE": "7/1/2019"
  },
  {
    "TITLE": "STUDENT INTERN - CITY CLERK",
    "Zip Code": 60618,
    "HIRE DATE": "6/3/2019"
  },
  {
    "TITLE": "STUDENT INTERN - CITY CLERK",
    "Zip Code": 60647,
    "HIRE DATE": "7/1/2019"
  },
  {
    "TITLE": "STUDENT INTERN - CITY CLERK",
    "Zip Code": 60614,
    "HIRE DATE": "6/17/2019"
  },
  {
    "TITLE": "STUDENT INTERN - CITY CLERK",
    "Zip Code": 60609,
    "HIRE DATE": "7/1/2019"
  },
  {
    "TITLE": "STUDENT INTERN - CITY CLERK",
    "Zip Code": 60637,
    "HIRE DATE": "6/17/2019"
  },
  {
    "TITLE": "STUDENT INTERN - CITY CLERK",
    "Zip Code": 60622,
    "HIRE DATE": "6/3/2019"
  },
  {
    "TITLE": "STUDENT INTERN - MAYOR'S FELLOWS",
    "Zip Code": 60615,
    "HIRE DATE": "6/10/2019"
  },
  {
    "TITLE": "STUDENT INTERN - MAYOR'S FELLOWS",
    "Zip Code": 60626,
    "HIRE DATE": "6/10/2019"
  },
  {
    "TITLE": "STUDENT INTERN - MAYOR'S FELLOWS",
    "Zip Code": 60614,
    "HIRE DATE": "6/10/2019"
  },
  {
    "TITLE": "STUDENT INTERN - MAYOR'S FELLOWS",
    "Zip Code": 60623,
    "HIRE DATE": "6/10/2019"
  },
  {
    "TITLE": "STUDENT INTERN - MAYOR'S FELLOWS",
    "Zip Code": 60647,
    "HIRE DATE": "6/10/2019"
  },
  {
    "TITLE": "STUDENT INTERN - MAYOR'S FELLOWS",
    "Zip Code": 60637,
    "HIRE DATE": "6/10/2019"
  },
  {
    "TITLE": "STUDENT INTERN - MAYOR'S FELLOWS",
    "Zip Code": 60622,
    "HIRE DATE": "6/10/2019"
  },
  {
    "TITLE": "STUDENT INTERN - MAYOR'S FELLOWS",
    "Zip Code": 60614,
    "HIRE DATE": "6/10/2019"
  },
  {
    "TITLE": "STUDENT INTERN - MAYOR'S FELLOWS",
    "Zip Code": 60661,
    "HIRE DATE": "6/10/2019"
  },
  {
    "TITLE": "STUDENT INTERN - MAYOR'S FELLOWS",
    "Zip Code": 60660,
    "HIRE DATE": "6/10/2019"
  },
  {
    "TITLE": "STUDENT INTERN - MAYOR'S FELLOWS",
    "Zip Code": 60605,
    "HIRE DATE": "6/10/2019"
  },
  {
    "TITLE": "STUDENT INTERN - MAYOR'S FELLOWS",
    "Zip Code": 60605,
    "HIRE DATE": "6/10/2019"
  },
  {
    "TITLE": "STUDENT INTERN - MAYOR'S FELLOWS",
    "Zip Code": 60661,
    "HIRE DATE": "6/10/2019"
  },
  {
    "TITLE": "STUDENT INTERN - MAYOR'S FELLOWS",
    "Zip Code": 60637,
    "HIRE DATE": "6/10/2019"
  },
  {
    "TITLE": "STUDENT INTERN - MAYOR'S FELLOWS",
    "Zip Code": 60637,
    "HIRE DATE": "6/10/2019"
  },
  {
    "TITLE": "STUDENT INTERN - MAYOR'S FELLOWS",
    "Zip Code": 60647,
    "HIRE DATE": "6/10/2019"
  },
  {
    "TITLE": "STUDENT INTERN - MAYOR'S FELLOWS",
    "Zip Code": 60618,
    "HIRE DATE": "6/10/2019"
  },
  {
    "TITLE": "STUDENT INTERN - MAYOR'S FELLOWS",
    "Zip Code": 60601,
    "HIRE DATE": "6/10/2019"
  },
  {
    "TITLE": "STUDENT INTERN - MAYOR'S FELLOWS",
    "Zip Code": 60622,
    "HIRE DATE": "6/10/2019"
  },
  {
    "TITLE": "STUDENT INTERN - MAYOR'S FELLOWS",
    "Zip Code": 60615,
    "HIRE DATE": "6/10/2019"
  },
  {
    "TITLE": "STUDENT INTERN - MAYOR'S FELLOWS",
    "Zip Code": 60622,
    "HIRE DATE": "6/10/2019"
  },
  {
    "TITLE": "STUDENT INTERN - MAYOR'S FELLOWS",
    "Zip Code": 60615,
    "HIRE DATE": "6/10/2019"
  },
  {
    "TITLE": "STUDENT INTERN - MAYOR'S FELLOWS",
    "Zip Code": 60601,
    "HIRE DATE": "6/10/2019"
  },
  {
    "TITLE": "STUDENT INTERN - MAYOR'S FELLOWS",
    "Zip Code": 60615,
    "HIRE DATE": "6/10/2019"
  },
  {
    "TITLE": "STUDENT INTERN - MAYOR'S FELLOWS",
    "Zip Code": 60610,
    "HIRE DATE": "6/10/2019"
  },
  {
    "TITLE": "STUDENT INTERN - MAYOR'S OFFICE",
    "Zip Code": 60616,
    "HIRE DATE": "11/18/2019"
  },
  {
    "TITLE": "STUDENT INTERN - MAYOR'S OFFICE",
    "Zip Code": 60613,
    "HIRE DATE": "5/16/2019"
  },
  {
    "TITLE": "STUDENT INTERN",
    "Zip Code": 60633,
    "HIRE DATE": "1/9/2020"
  },
  {
    "TITLE": "STUDENT INTERN",
    "Zip Code": 60615,
    "HIRE DATE": "5/26/2020"
  },
  {
    "TITLE": "STUDENT INTERN - ALDERMANIC",
    "Zip Code": 60659,
    "HIRE DATE": "6/1/2020"
  },
  {
    "TITLE": "STUDENT INTERN - ALDERMANIC",
    "Zip Code": 60632,
    "HIRE DATE": "6/15/2020"
  },
  {
    "TITLE": "STUDENT INTERN - ALDERMANIC",
    "Zip Code": 60626,
    "HIRE DATE": "6/8/2020"
  },
  {
    "TITLE": "STUDENT INTERN - ALDERMANIC",
    "Zip Code": 60618,
    "HIRE DATE": "6/1/2020"
  },
  {
    "TITLE": "STUDENT INTERN - ALDERMANIC",
    "Zip Code": 60634,
    "HIRE DATE": "6/1/2020"
  },
  {
    "TITLE": "STUDENT INTERN - ALDERMANIC",
    "Zip Code": 60614,
    "HIRE DATE": "6/2/2020"
  },
  {
    "TITLE": "STUDENT INTERN - ALDERMANIC",
    "Zip Code": 60653,
    "HIRE DATE": "6/1/2020"
  },
  {
    "TITLE": "STUDENT INTERN - ALDERMANIC",
    "Zip Code": 60608,
    "HIRE DATE": "6/15/2020"
  },
  {
    "TITLE": "STUDENT INTERN - ALDERMANIC",
    "Zip Code": 60632,
    "HIRE DATE": "6/1/2020"
  },
  {
    "TITLE": "STUDENT INTERN - ALDERMANIC",
    "Zip Code": 60624,
    "HIRE DATE": "6/1/2020"
  },
  {
    "TITLE": "STUDENT INTERN - ALDERMANIC",
    "Zip Code": 60623,
    "HIRE DATE": "6/8/2020"
  },
  {
    "TITLE": "STUDENT INTERN - ALDERMANIC",
    "Zip Code": 60628,
    "HIRE DATE": "6/1/2020"
  },
  {
    "TITLE": "STUDENT INTERN - ALDERMANIC",
    "Zip Code": 60643,
    "HIRE DATE": "6/8/2020"
  },
  {
    "TITLE": "STUDENT INTERN - ALDERMANIC",
    "Zip Code": 60623,
    "HIRE DATE": "6/10/2020"
  },
  {
    "TITLE": "STUDENT INTERN - ALDERMANIC",
    "Zip Code": 60631,
    "HIRE DATE": "6/8/2020"
  },
  {
    "TITLE": "STUDENT INTERN - ALDERMANIC",
    "Zip Code": 60615,
    "HIRE DATE": "6/8/2020"
  },
  {
    "TITLE": "STUDENT INTERN - ALDERMANIC",
    "Zip Code": 60614,
    "HIRE DATE": "6/15/2020"
  },
  {
    "TITLE": "STUDENT INTERN - ALDERMANIC",
    "Zip Code": 60626,
    "HIRE DATE": "6/15/2020"
  },
  {
    "TITLE": "STUDENT INTERN - ALDERMANIC",
    "Zip Code": 60652,
    "HIRE DATE": "6/1/2020"
  },
  {
    "TITLE": "STUDENT INTERN - ALDERMANIC",
    "Zip Code": 60617,
    "HIRE DATE": "6/15/2020"
  },
  {
    "TITLE": "STUDENT INTERN - ALDERMANIC",
    "Zip Code": 60640,
    "HIRE DATE": "6/1/2020"
  },
  {
    "TITLE": "STUDENT INTERN - ALDERMANIC",
    "Zip Code": 60618,
    "HIRE DATE": "6/15/2020"
  },
  {
    "TITLE": "STUDENT INTERN - ALDERMANIC",
    "Zip Code": 60640,
    "HIRE DATE": "6/15/2020"
  },
  {
    "TITLE": "STUDENT INTERN - ALDERMANIC",
    "Zip Code": 60646,
    "HIRE DATE": "6/8/2020"
  },
  {
    "TITLE": "STUDENT INTERN - ALDERMANIC",
    "Zip Code": 60643,
    "HIRE DATE": "6/8/2020"
  },
  {
    "TITLE": "STUDENT INTERN - ALDERMANIC",
    "Zip Code": 60630,
    "HIRE DATE": "6/1/2020"
  },
  {
    "TITLE": "STUDENT INTERN - ALDERMANIC",
    "Zip Code": 60624,
    "HIRE DATE": "6/4/2020"
  },
  {
    "TITLE": "STUDENT INTERN - ALDERMANIC",
    "Zip Code": 60628,
    "HIRE DATE": "6/1/2020"
  },
  {
    "TITLE": "STUDENT INTERN - ALDERMANIC",
    "Zip Code": 60641,
    "HIRE DATE": "6/4/2020"
  },
  {
    "TITLE": "STUDENT INTERN - ALDERMANIC",
    "Zip Code": 60629,
    "HIRE DATE": "6/22/2020"
  },
  {
    "TITLE": "STUDENT INTERN - ALDERMANIC",
    "Zip Code": 60608,
    "HIRE DATE": "6/22/2020"
  },
  {
    "TITLE": "STUDENT INTERN - ALDERMANIC",
    "Zip Code": 60619,
    "HIRE DATE": "6/8/2020"
  },
  {
    "TITLE": "STUDENT INTERN - ALDERMANIC",
    "Zip Code": 60606,
    "HIRE DATE": "6/15/2020"
  },
  {
    "TITLE": "STUDENT INTERN - CITY CLERK",
    "Zip Code": 60613,
    "HIRE DATE": "6/22/2020"
  },
  {
    "TITLE": "STUDENT INTERN - CITY CLERK",
    "Zip Code": 60618,
    "HIRE DATE": "6/22/2020"
  },
  {
    "TITLE": "STUDENT INTERN - CITY CLERK",
    "Zip Code": 60626,
    "HIRE DATE": "3/16/2020"
  },
  {
    "TITLE": "STUDENT INTERN - MAYOR'S FELLOWS",
    "Zip Code": 60637,
    "HIRE DATE": "6/15/2020"
  },
  {
    "TITLE": "STUDENT INTERN - MAYOR'S FELLOWS",
    "Zip Code": 60622,
    "HIRE DATE": "6/15/2020"
  },
  {
    "TITLE": "STUDENT INTERN - MAYOR'S FELLOWS",
    "Zip Code": 60611,
    "HIRE DATE": "6/15/2020"
  },
  {
    "TITLE": "STUDENT INTERN - MAYOR'S FELLOWS",
    "Zip Code": 60615,
    "HIRE DATE": "6/15/2020"
  },
  {
    "TITLE": "STUDENT INTERN - MAYOR'S FELLOWS",
    "Zip Code": 60622,
    "HIRE DATE": "6/15/2020"
  },
  {
    "TITLE": "STUDENT INTERN - MAYOR'S FELLOWS",
    "Zip Code": 60615,
    "HIRE DATE": "6/29/2020"
  },
  {
    "TITLE": "STUDENT INTERN - MAYOR'S FELLOWS",
    "Zip Code": 60655,
    "HIRE DATE": "6/15/2020"
  },
  {
    "TITLE": "STUDENT INTERN - MAYOR'S FELLOWS",
    "Zip Code": 60632,
    "HIRE DATE": "6/15/2020"
  },
  {
    "TITLE": "STUDENT INTERN - MAYOR'S FELLOWS",
    "Zip Code": 60657,
    "HIRE DATE": "6/15/2020"
  },
  {
    "TITLE": "STUDENT INTERN - MAYOR'S FELLOWS",
    "Zip Code": 60653,
    "HIRE DATE": "6/15/2020"
  },
  {
    "TITLE": "STUDENT INTERN - MAYOR'S FELLOWS",
    "Zip Code": 60608,
    "HIRE DATE": "6/15/2020"
  },
  {
    "TITLE": "STUDENT INTERN - MAYOR'S FELLOWS",
    "Zip Code": 60630,
    "HIRE DATE": "6/15/2020"
  },
  {
    "TITLE": "STUDENT INTERN - MAYOR'S FELLOWS",
    "Zip Code": 60625,
    "HIRE DATE": "6/15/2020"
  },
  {
    "TITLE": "STUDENT INTERN - MAYOR'S FELLOWS",
    "Zip Code": 60637,
    "HIRE DATE": "6/15/2020"
  },
  {
    "TITLE": "STUDENT INTERN - MAYOR'S FELLOWS",
    "Zip Code": 60637,
    "HIRE DATE": "6/15/2020"
  },
  {
    "TITLE": "STUDENT INTERN - MAYOR'S FELLOWS",
    "Zip Code": 60654,
    "HIRE DATE": "6/15/2020"
  },
  {
    "TITLE": "STUDENT INTERN - MAYOR'S FELLOWS",
    "Zip Code": 60637,
    "HIRE DATE": "6/15/2020"
  },
  {
    "TITLE": "STUDENT INTERN - MAYOR'S FELLOWS",
    "Zip Code": 60637,
    "HIRE DATE": "6/15/2020"
  },
  {
    "TITLE": "STUDENT INTERN - MAYOR'S FELLOWS",
    "Zip Code": 60660,
    "HIRE DATE": "6/15/2020"
  },
  {
    "TITLE": "STUDENT INTERN - MAYOR'S FELLOWS",
    "Zip Code": 60613,
    "HIRE DATE": "6/15/2020"
  },
  {
    "TITLE": "STUDENT INTERN - MAYOR'S FELLOWS",
    "Zip Code": 60637,
    "HIRE DATE": "6/15/2020"
  },
  {
    "TITLE": "STUDENT INTERN - MAYOR'S FELLOWS",
    "Zip Code": 60615,
    "HIRE DATE": "6/15/2020"
  }
]